timestamp,num_process,num_fds,num_conn,num_ssh,num_active_users,cpu_usage,cpu_load,ram,tx_bytes,rx_bytes,failed_logins63768,162,44976,1,0,1,1.0,7.5,84.0,766,0,0
63792,163,44996,1,0,1,1.3,7.5,83.4,10058,0,0
63816,162,44575,1,0,1,0.3,7.5,83.8,2392,0,0
63839,162,44575,1,0,1,0.5,7.5,83.8,2782,0,0
63862,161,44572,1,0,1,0.3,7.5,83.8,2356,0,0
63886,161,44572,1,0,1,0.0,7.5,83.8,2704,0,0
63909,160,45055,1,0,1,0.0,8.5,83.8,2572,0,0
63932,161,45390,1,0,1,0.3,8.5,83.8,2524,0,0
63955,161,45390,1,0,1,1.2,8.0,83.8,2626,0,0
63978,161,44572,1,0,1,0.2,8.0,83.8,2590,0,0
64006,161,44981,1,0,1,0.0,8.0,83.7,2800,0,0
64029,161,44981,1,0,1,0.2,7.5,83.9,2524,0,0
64053,161,44981,1,0,1,0.5,7.5,83.8,2206,0,0
64076,161,47168,1,0,1,14.4,7.5,84.3,2704,0,0
64099,161,47441,1,0,1,0.5,8.0,84.3,2668,0,0
64122,163,45903,2,0,1,0.0,7.5,84.4,8764,0,4
64145,161,45396,1,0,1,0.0,7.5,83.9,8104,0,0
64168,162,44990,1,0,1,0.5,7.5,84.2,2758,0,0
64191,162,44581,1,0,1,0.0,7.5,84.2,2470,0,0
64214,162,44581,1,0,1,0.3,7.5,84.2,2764,0,0
64236,162,44581,1,0,1,0.0,7.5,84.2,2206,0,0
64259,162,44581,1,0,1,0.0,7.5,84.2,2836,0,0
64282,162,44990,1,0,1,0.0,7.5,84.2,2416,0,0
64305,162,44990,1,0,1,0.0,7.000000000000001,84.2,2686,0,0
64328,162,44581,1,0,1,0.5,7.5,84.2,2686,0,0
64351,162,44581,1,0,1,0.0,7.5,84.2,2530,0,0
64374,162,44581,1,0,1,0.0,7.5,84.1,2602,0,0
64398,162,44581,1,0,1,0.3,8.0,84.2,2668,0,0
64422,162,44581,1,0,1,0.2,7.5,84.2,2776,0,0
64447,162,44581,1,0,1,0.3,8.0,84.2,2398,0,0
64471,160,44166,1,0,1,0.3,9.0,84.2,2836,0,0
64495,160,44575,1,0,1,0.7,8.5,84.2,2896,0,0
64519,160,44575,1,0,1,0.3,9.0,84.2,2512,0,0
64544,160,44575,1,0,1,1.2,8.5,84.2,2374,0,0
64568,160,44575,1,0,1,0.4,8.5,84.2,2686,0,0
64593,160,44575,1,0,1,0.7,9.0,84.2,2662,0,0
64617,160,44575,1,0,1,0.0,9.5,84.2,2758,0,0
64641,160,44575,1,0,1,0.5,9.0,84.2,2650,0,0
64665,160,44575,1,0,1,0.3,9.0,84.2,2566,0,0
64689,160,44575,1,0,1,3.5,9.5,84.6,2602,0,0
64713,174,49017,1,0,1,0.0,9.5,86.1,2290,0,0
64738,174,49017,1,0,1,0.5,9.5,86.2,2896,0,0
64762,174,49017,1,0,1,0.0,9.5,86.2,2650,0,0
64787,174,49014,1,0,1,0.2,9.5,86.1,2356,0,0
64811,174,49017,1,0,1,0.0,9.5,86.5,2686,0,0
64836,174,49017,1,0,1,0.0,9.5,86.6,2650,0,0
64860,174,49017,1,0,1,0.3,9.5,86.5,2836,0,0
64884,174,49017,1,0,1,0.3,9.0,86.6,2416,0,0
64909,174,49017,1,0,1,0.2,9.0,86.5,2464,0,0
64933,174,49017,1,0,1,0.3,9.0,86.5,2800,0,0
64958,174,49017,1,0,1,0.5,9.5,86.5,2338,0,0
64982,174,49017,1,0,1,0.5,9.0,86.5,2716,0,0
65006,174,49017,1,0,1,0.0,9.0,86.5,2782,0,0
65031,173,49014,1,0,1,0.3,9.0,86.5,2710,0,0
65056,173,48605,1,0,1,0.3,10.0,86.5,2626,0,0
65080,173,48605,1,0,1,0.5,10.0,86.5,2560,0,0
65105,173,48682,1,0,1,0.3,10.5,86.5,2650,0,0
65129,173,48605,1,0,1,0.0,11.5,86.5,2740,0,0
65154,173,48605,1,0,1,0.2,11.5,86.5,2494,0,0
65179,173,49014,1,0,1,0.3,11.0,86.5,2836,0,0
65203,173,49832,1,0,1,0.3,10.5,86.6,2758,0,0
65227,173,49832,1,0,1,0.3,10.5,86.6,2476,0,0
65252,173,49832,1,0,1,0.3,10.0,86.6,2602,0,0
65277,173,49014,1,0,1,0.9,10.0,86.6,2818,0,0
65302,173,49014,1,0,1,0.3,10.0,86.5,2608,0,0
65326,173,49014,1,0,1,0.3,10.5,86.6,2800,0,0
65351,173,49014,1,0,1,0.2,10.5,86.2,2818,0,0
65375,174,49017,1,0,1,0.2,10.0,86.3,2572,0,0
65400,174,49017,1,0,1,0.3,10.0,86.2,2818,0,0
65425,174,48608,1,0,1,0.5,9.5,86.1,2710,0,0
65449,174,48608,1,0,1,0.5,9.0,86.5,2644,0,0
65474,174,49017,1,0,1,0.0,9.0,86.5,2644,0,0
65498,174,49017,1,0,1,0.2,9.0,86.5,2590,0,0
65523,174,48608,1,0,1,0.5,9.0,86.5,2836,0,0
65547,174,49017,1,0,1,0.8,9.0,86.5,2644,0,0
65572,174,49017,1,0,1,0.7,9.5,86.5,2590,0,0
65596,174,49017,1,0,1,0.3,9.5,86.5,2800,0,0
65621,174,49017,1,0,1,0.5,9.5,86.5,2728,0,0
65645,174,49017,1,0,1,0.0,9.5,86.5,2644,0,0
65670,174,49017,1,0,1,0.5,10.0,86.5,2620,0,0
65694,173,49014,1,0,1,0.4,10.0,86.5,2494,0,0
65719,173,49091,1,0,1,0.0,9.5,86.5,2584,0,0
65743,174,49017,1,0,1,0.3,9.5,86.5,2842,0,0
65767,174,49017,1,0,1,0.0,9.5,86.5,2608,0,0
65792,174,49426,1,0,1,0.3,9.5,86.5,2842,0,0
65816,174,49426,1,0,1,0.5,9.0,86.5,2542,0,0
65841,174,49017,1,0,1,0.5,9.0,86.5,2692,0,0
65866,174,49017,1,0,1,0.5,9.0,86.5,2716,0,0
65890,174,49017,1,0,1,0.2,8.5,86.5,2476,0,0
65915,174,49017,1,0,1,0.2,8.5,86.5,2740,0,0
65943,174,49017,1,0,1,0.0,9.5,86.4,2956,0,0
65968,174,49017,1,0,1,0.3,10.5,86.5,2818,0,0
65992,174,49426,1,0,1,0.3,10.5,86.5,2650,0,0
66017,174,49426,1,0,1,0.5,10.5,86.5,2686,0,0
66041,173,49832,1,0,1,0.0,11.0,86.5,2668,0,0
66072,173,49832,1,0,1,0.5,11.0,86.5,3220,0,0
66097,173,49832,1,0,1,0.0,11.0,86.5,2548,0,0
66121,173,49832,1,0,1,0.8,11.0,86.5,2662,0,0
66146,173,49832,1,0,1,0.3,10.5,86.5,2650,0,0
66170,173,49832,1,0,1,0.8,10.0,86.5,2602,0,0
66195,173,49014,1,0,1,0.0,10.0,86.5,3766,0,0
66219,173,49014,1,0,1,0.7,10.0,86.5,2686,0,0
66244,173,49014,1,0,1,0.3,11.0,86.5,2722,0,0
66269,173,49014,1,0,1,0.5,11.0,86.5,2800,0,0
66293,173,49014,1,0,1,0.3,11.5,86.5,2806,0,0
66318,173,48682,1,0,1,0.5,12.0,86.5,2920,0,0
66342,174,49017,1,0,1,0.3,12.5,86.4,2722,0,0
66367,174,49017,1,0,1,0.5,12.5,86.5,2590,0,0
66392,174,49017,1,0,1,0.3,12.5,86.5,2878,0,0
66416,174,49426,1,0,1,1.0,12.0,86.5,2650,0,0
66441,174,49426,1,0,1,0.3,11.5,86.5,2740,0,0
66465,174,49017,1,0,1,0.7,11.0,86.5,3460,0,0
66490,174,49017,1,0,1,0.8,12.0,86.5,4150,0,0
66514,174,49017,1,0,1,0.5,12.5,86.5,4000,0,0
66539,174,49017,1,0,1,0.8,12.0,86.5,3586,0,0
66563,174,49017,1,0,1,0.3,12.0,86.5,2650,0,0
66588,174,49017,1,0,1,0.3,12.0,86.4,2842,0,0
66612,174,49017,1,0,1,0.0,12.0,86.5,2434,0,0
66637,174,49017,1,0,1,0.2,11.5,86.5,2860,0,0
66661,173,49014,1,0,1,0.3,11.0,86.5,2758,0,0
66686,173,49014,1,0,1,0.3,11.0,86.5,2650,0,0
66710,173,49423,1,0,1,0.3,11.0,86.5,2542,0,0
66735,173,49423,1,0,1,0.5,10.5,86.5,2914,0,0
66759,173,49014,1,0,1,0.5,11.5,86.5,2632,0,0
66785,173,49014,1,0,1,0.5,11.5,86.5,2782,0,0
66809,173,49014,1,0,1,0.3,12.0,86.5,2770,0,0
66833,173,49014,1,0,1,0.2,12.0,86.5,2308,0,0
66858,173,49014,1,0,1,0.0,12.0,86.5,2818,0,0
66882,173,49014,1,0,1,0.2,11.5,86.5,2728,0,0
66907,173,49500,1,0,1,0.0,11.5,86.5,2788,0,0
66932,173,49423,1,0,1,0.0,11.5,86.5,2704,0,0
66956,173,49014,1,0,1,1.7,11.5,86.5,2494,0,0
66981,173,49014,1,0,1,0.2,11.0,86.5,2878,0,0
67005,173,49014,1,0,1,0.5,12.0,86.5,2632,0,0
67030,173,49014,1,0,1,0.5,11.5,86.5,2746,0,0
67054,173,49014,1,0,1,0.5,11.5,86.5,2836,0,0
67079,173,49014,1,0,1,0.0,11.0,86.4,2956,0,0
67103,173,49014,1,0,1,0.5,11.0,86.5,2770,0,0
67128,173,49014,1,0,1,0.5,11.5,86.5,2524,0,0
67152,173,49014,1,0,1,0.5,11.0,86.5,2710,0,0
67177,174,49017,1,0,1,0.3,10.5,86.5,2782,0,0
67201,174,49426,1,0,1,0.3,12.0,86.5,2512,0,0
67226,174,49426,1,0,1,0.3,12.5,86.5,2572,0,0
67250,174,49426,1,0,1,0.3,12.5,86.5,2722,0,0
67276,174,49017,1,0,1,0.5,12.0,86.5,2836,0,0
67300,174,49017,1,0,1,0.3,11.5,86.5,2650,0,0
67325,174,49426,1,0,1,0.3,11.5,86.5,2920,0,0
67349,174,49426,1,0,1,0.5,11.5,86.5,2800,0,0
67374,174,49017,1,0,1,0.3,11.5,86.5,2356,0,0
67400,174,49017,1,0,1,0.5,11.0,86.5,9878,0,0
67424,174,49017,1,0,1,0.8,11.0,86.5,2878,0,0
67449,174,49017,1,0,1,0.2,11.0,86.5,2608,0,0
67473,174,49017,1,0,1,0.5,11.0,86.5,2782,0,0
67498,173,49423,1,0,1,1.5,11.0,86.5,2494,0,0
67522,174,49426,1,0,1,0.2,10.5,86.5,2740,0,0
67546,174,49835,1,0,1,0.3,10.5,86.5,2878,0,0
67571,174,49835,1,0,1,0.5,10.5,86.5,2434,0,0
67595,174,49835,1,0,1,0.5,10.0,86.5,2758,0,0
67619,174,49017,1,0,1,0.7,10.5,86.5,2512,0,0
67644,174,49017,1,0,1,0.5,11.0,86.5,2584,0,0
67668,174,49017,1,0,1,0.0,11.0,86.5,2776,0,0
67693,174,49017,1,0,1,1.0,11.0,86.5,2512,0,0
67717,174,49017,1,0,1,0.5,10.5,86.5,2704,0,0
67742,174,49017,1,0,1,0.0,11.0,86.5,2254,0,0
67767,174,49017,1,0,1,0.3,10.5,86.5,2626,0,0
67791,174,49426,1,0,1,0.3,10.0,86.5,2758,0,0
67816,174,49426,1,0,1,0.3,10.0,86.5,2704,0,0
67841,173,49832,1,0,1,0.3,9.5,86.5,2710,0,0
67865,173,49832,1,0,1,0.5,10.5,86.5,2818,0,0
67890,173,49014,1,0,1,0.3,10.0,86.5,2794,0,0
67914,173,49014,1,0,1,0.3,10.5,86.5,2728,0,0
67939,173,49014,1,0,1,0.5,10.5,86.5,2818,0,0
67963,173,49014,1,0,1,0.3,10.5,86.5,2536,0,0
67988,173,48605,1,0,1,0.2,11.0,86.5,2716,0,0
68013,173,48605,1,0,1,0.5,10.5,86.5,2740,0,0
68037,173,49014,1,0,1,0.8,10.5,86.5,2434,0,0
68062,174,49017,1,0,1,0.8,10.0,86.5,2722,0,0
68086,174,49017,1,0,1,0.3,10.5,86.5,2722,0,0
68111,174,49094,1,0,1,0.7,10.0,86.5,2416,0,0
68136,174,49017,1,0,1,0.0,10.0,86.5,2686,0,0
68160,174,49017,1,0,1,1.8,10.0,86.5,2572,0,0
68184,174,48608,1,0,1,0.3,9.5,86.5,2878,0,0
68209,174,48608,1,0,1,0.5,9.5,86.5,2896,0,0
68233,174,49017,1,0,1,0.3,10.0,86.5,2374,0,0
68258,174,49017,1,0,1,0.7,10.0,86.5,2776,0,0
68282,174,49017,1,0,1,0.3,10.0,86.5,2776,0,0
68307,174,49017,1,0,1,0.2,10.5,86.5,2728,0,0
68331,174,49017,1,0,1,0.3,11.0,86.5,2722,0,0
68356,174,49017,1,0,1,0.2,12.0,86.5,2698,0,0
68380,173,49014,1,0,1,0.7,12.0,86.5,2806,0,0
68405,173,49423,1,0,1,0.0,12.5,86.5,2800,0,0
68429,173,49423,1,0,1,0.3,12.5,86.5,2710,0,0
68454,173,49014,1,0,1,0.5,13.0,86.5,2584,0,0
68479,173,49014,1,0,1,0.3,13.0,86.5,2800,0,0
68503,173,49014,1,0,1,0.0,13.5,86.5,2530,0,0
68528,173,49423,1,0,1,0.5,13.5,86.5,2428,0,0
68553,173,49423,1,0,1,0.5,14.000000000000002,86.5,2680,0,0
68577,173,49423,1,0,1,1.5,13.5,86.5,2668,0,0
68602,173,49014,1,0,1,0.5,13.5,86.5,2818,0,0
68626,173,49423,1,0,1,0.7,13.0,86.5,2740,0,0
68651,173,49423,1,0,1,0.2,13.5,86.5,2590,0,0
68675,173,49014,1,0,1,0.3,13.5,86.5,2938,0,0
68700,173,49014,1,0,1,0.5,13.5,86.5,2626,0,0
68724,173,49014,1,0,1,0.0,13.0,86.5,2860,0,0
68749,173,49423,1,0,1,0.3,13.5,86.5,2662,0,0
68773,173,49423,1,0,1,0.7,13.5,86.5,2788,0,0
68798,173,49014,1,0,1,0.3,13.0,86.5,2818,0,0
68823,173,49423,1,0,1,0.7,13.0,86.5,2722,0,0
68848,173,49423,1,0,1,0.7,12.5,86.5,2746,0,0
68872,173,49423,1,0,1,0.3,12.5,86.5,2782,0,0
68897,173,49014,1,0,1,0.3,14.499999999999998,86.5,2584,0,0
68921,173,49014,1,0,1,0.3,14.000000000000002,86.5,2710,0,0
68946,174,49020,1,0,1,0.5,14.000000000000002,86.5,2626,0,0
68970,175,49020,1,0,1,0.3,14.000000000000002,86.5,2746,0,0
68995,175,49020,1,0,1,0.0,14.000000000000002,86.5,2758,0,0
69019,175,49020,1,0,1,0.0,13.5,86.5,2704,0,0
69044,175,49020,1,0,1,0.3,14.000000000000002,86.5,2356,0,0
69068,175,49020,1,0,1,0.5,13.5,86.5,2902,0,0
69093,175,49020,1,0,1,0.4,13.5,86.5,2656,0,0
69118,175,49020,1,0,1,0.5,13.0,86.5,2764,0,0
69142,175,49020,1,0,1,0.8,13.0,86.5,2542,0,0
69166,175,49020,1,0,1,0.5,12.5,86.5,2554,0,0
69191,175,49020,1,0,1,0.3,12.5,86.5,2584,0,0
69215,175,49020,1,0,1,0.4,12.5,86.5,2878,0,0
69241,175,48611,1,0,1,0.4,12.5,86.5,2434,0,0
69266,173,48605,1,0,1,0.2,13.0,86.5,2842,0,0
69291,173,49014,1,0,1,0.5,13.0,86.5,2878,0,0
69315,173,49091,1,0,1,0.3,13.0,86.5,2494,0,0
69339,174,49017,1,0,1,0.3,13.5,86.5,2722,0,0
69364,174,49017,1,0,1,1.2,14.000000000000002,86.5,2614,0,0
69388,174,49426,1,0,1,0.3,13.5,86.5,2452,0,0
69413,174,49426,1,0,1,0.8,13.5,86.5,2842,0,0
69438,174,49017,1,0,1,0.5,13.5,86.5,2554,0,0
69463,174,49017,1,0,1,0.3,13.0,86.5,2746,0,0
69487,174,49017,1,0,1,0.5,12.5,86.4,2758,0,0
69512,174,49426,1,0,1,0.5,12.5,86.5,2572,0,0
69537,174,49426,1,0,1,0.8,12.0,86.5,2782,0,0
69561,174,49017,1,0,1,0.0,12.5,86.5,2800,0,0
69585,174,49426,1,0,1,0.5,12.0,86.5,2626,0,0
69610,174,49426,1,0,1,0.7,13.0,86.5,2680,0,0
69634,174,49017,1,0,1,0.3,13.0,86.5,2758,0,0
69659,173,49014,1,0,1,0.3,13.0,86.5,2632,0,0
69684,173,48605,1,0,1,0.7,12.5,86.5,2734,0,0
69708,173,49014,1,0,1,0.0,13.0,86.5,2644,0,0
69733,173,49014,1,0,1,0.0,13.5,86.5,2296,0,0
69757,173,49014,1,0,1,0.3,13.0,86.5,2800,0,0
69781,173,49014,1,0,1,0.3,13.0,86.5,2650,0,0
69807,173,49014,1,0,1,0.0,13.0,86.5,2530,0,0
69831,173,49014,1,0,1,0.3,13.0,86.5,2764,0,0
69856,173,49014,1,0,1,0.3,13.0,86.5,2494,0,0
69880,173,49423,1,0,1,0.3,13.0,86.5,2644,0,0
69905,173,49500,1,0,1,0.3,12.5,86.5,2896,0,0
69929,173,49014,1,0,1,0.5,13.0,86.5,2530,0,0
69954,173,49014,1,0,1,0.0,13.0,86.5,2722,0,0
69978,173,49423,1,0,1,0.0,13.0,86.4,2560,0,0
70003,173,49423,1,0,1,0.0,12.5,86.5,2728,0,0
70027,173,49014,1,0,1,0.3,12.5,86.5,2638,0,0
70052,173,48605,1,0,1,0.0,12.0,86.5,2572,0,0
70077,173,49423,1,0,1,0.5,12.0,86.5,2662,0,0
70101,173,49423,1,0,1,0.3,12.0,86.5,2758,0,0
70125,173,49423,1,0,1,0.1,12.0,86.5,2650,0,0
70151,173,49423,1,0,1,0.0,11.5,86.5,2518,0,0
70176,173,48605,1,0,1,0.5,12.0,86.4,2602,0,0
70201,173,48605,1,0,1,0.5,12.5,86.5,2554,0,0
70225,173,49014,1,0,1,0.5,12.5,86.4,2722,0,0
70249,173,49014,1,0,1,0.2,12.5,86.5,2860,0,0
70274,173,49014,1,0,1,0.2,13.0,86.5,2332,0,0
70301,173,48605,1,0,1,0.5,13.5,86.5,3034,0,0
70326,173,49014,1,0,1,0.3,14.000000000000002,86.5,2818,0,0
70351,173,49014,1,0,1,0.3,14.000000000000002,86.5,2356,0,0
70375,173,48605,1,0,1,0.3,13.5,86.5,2818,0,0
70400,173,49014,1,0,1,0.8,13.5,86.5,2680,0,0
70424,173,49014,1,0,1,0.5,13.0,86.5,2710,0,0
70449,173,49014,1,0,1,0.0,13.0,86.5,2818,0,0
70474,173,49014,1,0,1,0.3,13.0,86.5,2416,0,0
70498,173,49014,1,0,1,0.5,12.5,86.5,2758,0,0
70522,173,49423,1,0,1,0.3,12.5,86.5,2938,0,0
70547,174,49426,1,0,1,0.2,12.5,86.5,2704,0,0
70572,174,49017,1,0,1,1.0,12.5,86.5,2806,0,0
70596,174,49017,1,0,1,0.3,12.0,86.4,2680,0,0
70621,174,49017,1,0,1,0.3,12.0,86.5,2692,0,0
70645,174,49017,1,0,1,0.5,12.5,86.5,2656,0,0
70670,174,49017,1,0,1,0.7,12.5,86.5,2740,0,0
70695,174,49017,1,0,1,0.5,13.5,86.5,2710,0,0
70719,174,49017,1,0,1,0.6,14.000000000000002,86.5,2896,0,0
70744,174,49017,1,0,1,0.0,13.5,86.5,2716,0,0
70769,174,49017,1,0,1,0.7,13.5,86.5,2452,0,0
70794,174,49017,1,0,1,0.5,13.0,86.5,2740,0,0
70818,174,49426,1,0,1,0.3,13.0,86.5,2806,0,0
70843,174,49426,1,0,1,0.0,12.5,86.5,2542,0,0
70867,174,49017,1,0,1,0.5,12.5,86.5,2878,0,0
70892,174,49017,1,0,1,0.2,12.0,86.5,2530,0,0
70916,174,49017,1,0,1,0.5,12.5,86.1,2842,0,0
70941,174,49426,1,0,1,0.5,13.0,86.5,2662,0,0
70965,174,49835,1,0,1,0.0,14.000000000000002,86.5,2548,0,0
70990,174,49835,1,0,1,0.3,13.5,86.5,2818,0,0
71016,174,49017,1,0,1,0.5,14.000000000000002,86.5,9866,0,0
71041,174,49017,1,0,1,0.5,13.5,86.5,2608,0,0
71065,174,49017,1,0,1,0.5,14.000000000000002,86.5,2722,0,0
71090,173,49014,1,0,1,0.2,14.499999999999998,86.5,2704,0,0
71115,173,49091,1,0,1,0.7,14.000000000000002,86.5,2728,0,0
71140,174,49017,1,0,1,0.5,13.5,86.5,2818,0,0
71170,174,49017,1,0,1,0.1,13.0,86.5,3862,0,0
71203,174,49426,1,0,1,0.7,12.5,86.5,2722,0,0
71228,174,49426,1,0,1,0.5,12.5,86.5,2764,0,0
71252,174,49017,1,0,1,0.3,12.5,86.5,2512,0,0
71278,174,49017,1,0,1,1.0,12.5,86.5,2860,0,0
71303,174,49017,1,0,1,0.3,12.5,86.5,2626,0,0
71327,174,49017,1,0,1,0.2,13.0,86.5,2452,0,0
71352,174,49017,1,0,1,0.2,13.5,86.5,2776,0,0
71376,174,49017,1,0,1,0.0,13.0,86.4,2722,0,0
71401,174,49017,1,0,1,0.5,13.5,86.5,2668,0,0
71426,174,49017,1,0,1,0.0,13.5,86.5,2506,0,0
71450,173,49014,1,0,1,0.5,13.5,86.5,2668,0,0
71475,173,49423,1,0,1,0.3,13.0,86.5,2878,0,0
71499,173,49423,1,0,1,0.3,12.5,86.5,2638,0,0
71524,173,49832,1,0,1,0.2,12.5,86.5,2728,0,0
71549,173,49832,1,0,1,0.0,14.000000000000002,86.5,2836,0,0
71573,173,49014,1,0,1,0.5,14.000000000000002,86.4,2704,0,0
71598,173,49014,1,0,1,0.5,13.5,86.5,2452,0,0
71622,173,49014,1,0,1,0.5,13.5,86.4,2764,0,0
71647,173,49014,1,0,1,0.0,13.5,86.5,2758,0,0
71671,173,49014,1,0,1,0.5,13.5,86.5,2632,0,0
71696,173,49423,1,0,1,0.2,14.000000000000002,86.5,2620,0,0
71720,173,49423,1,0,1,0.2,13.5,86.5,2512,0,0
71745,173,49832,1,0,1,0.0,13.5,86.5,2740,0,0
71769,173,49832,1,0,1,0.2,13.0,86.5,2722,0,0
71794,173,49014,1,0,1,0.3,13.0,86.5,2608,0,0
71819,173,49014,1,0,1,0.5,12.5,86.5,2896,0,0
71843,173,49014,1,0,1,0.8,13.0,86.5,2800,0,0
71868,173,49014,1,0,1,0.4,13.0,86.5,2554,0,0
71893,173,49423,1,0,1,0.5,13.0,86.5,2680,0,0
71918,173,49423,1,0,1,0.5,12.5,86.5,2710,0,0
71942,173,48605,1,0,1,0.3,12.5,86.5,2572,0,0
71967,173,48605,1,0,1,0.5,13.0,86.5,2788,0,0
71991,173,49014,1,0,1,0.5,13.5,86.4,2374,0,0
72016,173,49014,1,0,1,0.3,13.5,86.5,2752,0,0
72040,173,49423,1,0,1,0.0,13.0,86.5,2782,0,0
72064,173,49423,1,0,1,0.3,14.000000000000002,86.5,2632,0,0
72089,173,49014,1,0,1,0.2,13.5,86.5,2776,0,0
72114,173,49014,1,0,1,0.4,13.5,86.5,3130,0,0
72142,173,49014,1,0,1,0.3,13.5,86.5,2584,0,0
72166,173,49423,1,0,1,0.0,13.5,86.5,2554,0,0
72191,173,49423,1,0,1,0.3,13.0,86.5,2662,0,0
72216,173,49014,1,0,1,0.0,13.5,86.5,2530,0,0
72240,173,49014,1,0,1,0.5,14.000000000000002,86.5,2836,0,0
72265,173,49014,1,0,1,0.5,14.000000000000002,86.4,2554,0,0
72289,174,49017,1,0,1,1.0,14.499999999999998,86.5,2530,0,0
72314,174,49912,1,0,1,0.5,14.000000000000002,86.5,2740,0,0
72338,174,49835,1,0,1,0.7,14.000000000000002,86.5,2698,0,0
72363,174,49017,1,0,1,0.5,14.000000000000002,86.5,2830,0,0
72388,174,49017,1,0,1,0.3,14.000000000000002,86.5,2524,0,0
72412,174,48608,1,0,1,0.3,13.5,86.4,2650,0,0
72436,174,49017,1,0,1,0.3,13.5,86.5,2716,0,0
72461,174,49017,1,0,1,0.3,13.0,86.5,2566,0,0
72485,174,49017,1,0,1,0.3,13.0,86.5,2608,0,0
72510,174,48608,1,0,1,0.2,13.0,86.5,2722,0,0
72534,174,48608,1,0,1,0.5,13.0,86.5,2716,0,0
72559,174,49017,1,0,1,1.0,13.0,86.5,2806,0,0
72584,174,49017,1,0,1,0.0,13.5,86.5,2602,0,0
72608,173,49014,1,0,1,0.8,13.5,86.5,2878,0,0
72633,173,49014,1,0,1,0.5,13.5,86.5,2530,0,0
72657,173,49014,1,0,1,0.8,13.5,86.5,2878,0,0
72683,173,49423,1,0,1,0.4,14.000000000000002,86.5,2680,0,0
72709,173,49423,1,0,1,0.3,14.000000000000002,86.5,2710,0,0
72733,173,49832,1,0,1,0.0,13.5,86.5,2644,0,0
72758,173,49832,1,0,1,0.3,13.5,86.5,2782,0,0
72782,173,49014,1,0,1,0.2,14.000000000000002,86.5,2548,0,0
72807,173,49014,1,0,1,0.0,14.000000000000002,86.5,2974,0,0
72831,173,48605,1,0,1,0.5,13.5,86.5,2452,0,0
72856,173,49014,1,0,1,1.0,13.5,86.4,2938,0,0
72881,173,49014,1,0,1,0.0,13.5,86.5,2428,0,0
72906,173,49091,1,0,1,0.0,13.5,86.5,2650,0,0
72930,173,49014,1,0,1,0.5,13.5,86.5,2542,0,0
72955,174,49017,1,0,1,0.5,13.5,86.5,2920,0,0
72979,174,49423,1,0,1,0.3,13.0,86.5,2416,0,0
73004,174,49426,1,0,1,0.2,13.0,86.5,2860,0,0
73029,174,49835,1,0,1,0.3,13.0,86.5,2722,0,0
73054,174,49835,1,0,1,0.5,13.0,86.5,2494,0,0
73078,174,49835,1,0,1,0.5,13.0,86.5,2740,0,0
73103,174,49835,1,0,1,0.5,13.0,86.5,2572,0,0
73127,174,49017,1,0,1,0.2,13.5,86.5,2524,0,0
73152,174,49835,1,0,1,0.3,13.0,86.5,2782,0,0
73176,174,49835,1,0,1,0.2,13.0,86.5,2512,0,0
73201,174,49835,1,0,1,0.0,12.5,86.5,2698,0,0
73225,174,49835,1,0,1,0.2,12.5,86.5,2800,0,0
73250,173,49832,1,0,1,0.3,12.0,86.4,2572,0,0
73275,173,49832,1,0,1,0.3,12.0,86.5,2800,0,0
73299,173,48605,1,0,1,0.3,12.0,86.4,2860,0,0
73324,173,49014,1,0,1,0.5,12.0,86.4,2452,0,0
73348,173,49014,1,0,1,0.0,12.0,86.4,2896,0,0
73373,173,48605,1,0,1,0.2,12.5,86.5,2452,0,0
73397,173,49014,1,0,1,0.5,12.5,86.5,2818,0,0
73422,173,49014,1,0,1,0.2,12.0,86.5,2428,0,0
73447,173,49014,1,0,1,0.4,12.5,86.5,2854,0,0
73472,173,48605,1,0,1,0.5,13.0,86.5,2602,0,0
73497,173,48605,1,0,1,0.8,13.0,86.4,2818,0,0
73521,173,49014,1,0,1,0.0,14.000000000000002,86.5,2668,0,0
73546,174,49017,1,0,1,1.0,13.5,86.5,2518,0,0
73571,174,49426,1,0,1,0.6,13.0,86.4,2680,0,0
73597,174,49426,1,0,1,0.4,14.000000000000002,86.5,2956,0,0
73624,174,49426,1,0,1,0.3,14.000000000000002,86.5,2566,0,0
73649,174,49426,1,0,1,0.5,14.000000000000002,86.5,2896,0,0
73673,174,49426,1,0,1,0.0,13.5,86.5,2572,0,0
73698,174,49017,1,0,1,0.5,14.499999999999998,86.5,2686,0,0
73722,174,48608,1,0,1,0.5,14.000000000000002,86.5,2560,0,0
73746,174,49017,1,0,1,0.7,13.5,86.5,2710,0,0
73770,174,49017,1,0,1,0.3,13.5,86.5,2620,0,0
73795,174,49017,1,0,1,0.5,14.000000000000002,86.5,2620,0,0
73819,174,48608,1,0,1,0.5,14.000000000000002,86.4,2608,0,0
73844,174,48608,1,0,1,0.5,14.000000000000002,86.4,2818,0,0
73868,173,49014,1,0,1,0.3,14.000000000000002,86.4,2374,0,0
73893,173,49014,1,0,1,0.5,14.000000000000002,86.5,2818,0,0
73918,173,49423,1,0,1,1.5,14.000000000000002,86.5,2584,0,0
73942,173,49832,1,0,1,0.3,13.5,86.5,2746,0,0
73967,173,49832,1,0,1,0.4,13.0,86.5,2800,0,0
73997,173,49014,1,0,1,0.2,13.0,86.4,2836,0,0
74021,173,49014,1,0,1,0.5,12.5,86.5,2170,0,0
74046,173,49014,1,0,1,0.3,12.5,86.5,2650,0,0
74070,173,49014,1,0,1,0.0,12.0,86.5,2836,0,0
74095,173,49014,1,0,1,0.0,12.0,86.5,2938,0,0
74120,173,49091,1,0,1,0.2,12.5,86.5,2452,0,0
74145,175,49020,1,0,1,0.5,12.0,86.4,2488,0,0
74169,175,49020,1,0,1,0.0,12.0,86.5,2608,0,0
74194,175,49020,1,0,1,0.3,12.0,86.5,2878,0,0
74218,175,49020,1,0,1,0.5,12.0,86.5,2716,0,0
74243,175,49020,1,0,1,0.5,12.0,86.4,2536,0,0
74267,175,49020,1,0,1,0.0,12.0,86.5,2512,0,0
74292,175,49020,1,0,1,0.3,12.0,86.4,2842,0,0
74317,175,49020,1,0,1,0.5,11.5,86.4,2650,0,0
74341,175,49020,1,0,1,0.8,12.0,86.5,2416,0,0
74366,175,48611,1,0,1,0.7,12.0,86.5,2836,0,0
74390,175,48611,1,0,1,0.5,12.0,86.4,2590,0,0
74415,175,49020,1,0,1,0.0,12.5,86.4,2818,0,0
74439,174,49426,1,0,1,0.3,12.5,86.5,2746,0,0
74464,174,49426,1,0,1,0.2,13.5,86.5,2524,0,0
74488,174,49017,1,0,1,0.0,13.5,86.5,2782,0,0
74513,174,49426,1,0,1,0.5,13.5,86.5,2302,0,0
74538,174,49426,1,0,1,0.5,13.5,86.5,2938,0,0
74562,174,49017,1,0,1,0.3,13.0,86.5,2542,0,0
74587,174,49017,1,0,1,0.4,13.0,86.5,3136,0,0
74616,174,49017,1,0,1,0.8,12.5,86.4,2668,0,0
74642,174,49017,2,0,1,0.2,12.5,86.5,10054,0,0
74667,174,49017,2,0,1,0.2,12.5,86.5,3034,0,0
74693,173,49014,1,0,1,0.0,12.0,86.5,2494,0,0
74718,173,49500,1,0,1,0.5,13.0,86.5,2584,0,0
74742,174,49426,1,0,1,0.3,12.5,86.5,2662,0,0
74767,174,49017,1,0,1,0.5,13.0,86.5,2632,0,0
74791,174,49017,1,0,1,0.2,13.0,86.5,2878,0,0
74816,174,49017,1,0,1,0.0,13.0,86.4,2512,0,0
74840,174,49426,1,0,1,0.3,12.5,86.5,2494,0,0
74865,174,49426,1,0,1,0.0,12.5,86.4,2680,0,0
74890,174,49426,1,0,1,0.2,13.0,86.5,2668,0,0
74914,174,49017,1,0,1,0.5,13.5,86.4,2662,0,0
74939,174,49017,1,0,1,0.5,14.000000000000002,86.4,2818,0,0
74963,174,49426,1,0,1,0.3,13.5,86.5,2608,0,0
74988,174,49426,1,0,1,0.0,13.5,86.5,2728,0,0
75013,174,49426,1,0,1,0.2,13.5,86.5,2782,0,0
75038,174,49017,1,0,1,0.2,13.0,86.5,2764,0,0
75063,173,49014,1,0,1,0.5,12.5,86.5,2572,0,0
75087,173,49014,1,0,1,0.3,12.5,86.5,2698,0,0
75112,173,49014,1,0,1,1.0,12.5,86.5,2476,0,0
75136,173,49014,1,0,1,0.3,12.5,86.4,2896,0,0
75161,173,49014,1,0,1,0.3,12.0,86.5,2704,0,0
75186,173,49014,1,0,1,0.5,12.0,86.5,2698,0,0
75210,173,49014,1,0,1,0.5,12.0,86.5,2644,0,0
75235,173,49014,1,0,1,0.3,12.5,86.5,2614,0,0
75260,173,49423,1,0,1,0.5,12.5,86.5,3952,0,0
75298,173,49423,1,0,1,1.3,12.0,86.5,2764,0,0
75323,173,49423,1,0,1,0.8,12.0,86.5,2482,0,0
75347,174,49017,1,0,1,0.3,11.5,86.5,2854,0,0
75372,174,49017,1,0,1,0.3,11.5,86.4,2494,0,0
75396,174,49017,1,0,1,0.0,12.0,86.5,2818,0,0
75421,174,49426,1,0,1,0.3,12.0,86.5,2446,0,0
75445,174,49426,1,0,1,0.3,13.0,86.5,2536,0,0
75470,174,49014,1,0,1,0.2,13.5,86.5,2548,0,0
75494,174,49017,1,0,1,0.3,14.000000000000002,86.5,2818,0,0
75519,174,49017,1,0,1,0.5,14.000000000000002,86.5,2608,0,0
75544,174,49426,1,0,1,0.0,13.5,86.4,2548,0,0
75568,174,49426,1,0,1,0.3,13.0,86.5,2662,0,0
75593,174,49017,1,0,1,0.5,13.0,86.5,2452,0,0
75617,174,49017,1,0,1,0.5,13.5,86.5,2800,0,0
75642,173,49014,1,0,1,0.4,13.0,86.5,2770,0,0
75666,173,49014,1,0,1,0.5,14.000000000000002,86.5,2584,0,0
75691,173,49014,1,0,1,0.0,13.5,86.5,2728,0,0
75716,173,49014,1,0,1,0.0,13.5,86.5,2764,0,0
75740,173,48605,1,0,1,0.5,13.5,86.4,2722,0,0
75765,173,49014,1,0,1,0.8,13.5,86.5,2800,0,0
75789,173,49014,1,0,1,0.5,13.5,86.4,2530,0,0
75814,173,49014,1,0,1,0.5,14.000000000000002,86.4,2758,0,0
75838,173,49014,1,0,1,0.3,13.5,86.5,2836,0,0
75863,173,49014,1,0,1,0.5,13.0,86.4,2452,0,0
75888,173,49014,1,0,1,0.3,13.0,86.4,2818,0,0
75912,173,49091,1,0,1,0.2,12.5,86.5,2668,0,0
75937,174,49017,1,0,1,0.5,12.0,86.5,2938,0,0
75962,174,49017,1,0,1,0.5,13.0,86.4,2896,0,0
75986,174,49017,1,0,1,0.0,13.5,86.4,2554,0,0
76011,174,49017,1,0,1,0.5,14.000000000000002,86.5,2776,0,0
76035,174,49017,1,0,1,0.0,14.499999999999998,86.4,2878,0,0
76060,174,49017,1,0,1,0.2,14.000000000000002,86.5,2728,0,0
76085,174,48608,1,0,1,0.4,14.499999999999998,86.5,3352,0,0
76116,174,49017,1,0,1,0.8,14.499999999999998,86.4,2662,0,0
76141,174,49017,1,0,1,0.5,14.499999999999998,86.4,2878,0,0
76166,174,49017,1,0,1,0.4,14.499999999999998,86.4,2626,0,0
76191,174,49017,1,0,1,0.2,14.499999999999998,86.4,2938,0,0
76215,174,49017,1,0,1,0.3,14.499999999999998,86.4,2662,0,0
76240,174,49014,1,0,1,0.0,14.499999999999998,86.5,2788,0,0
76264,173,49014,1,0,1,0.3,14.499999999999998,86.5,2662,0,0
76289,173,49014,1,0,1,0.0,15.0,86.5,2740,0,0
76314,173,49014,1,0,1,0.7,15.5,86.4,2470,0,0
76338,173,48605,1,0,1,0.5,15.0,86.5,2680,0,0
76363,173,49014,1,0,1,0.0,14.499999999999998,86.4,2608,0,0
76387,173,49014,1,0,1,0.0,14.499999999999998,86.4,2722,0,0
76412,173,49423,1,0,1,0.5,14.499999999999998,86.5,2860,0,0
76436,173,49423,1,0,1,0.5,14.000000000000002,86.4,2452,0,0
76461,173,49423,1,0,1,0.3,14.000000000000002,86.4,2776,0,0
76486,173,49014,1,0,1,0.3,14.000000000000002,86.4,2800,0,0
76510,173,49091,1,0,1,0.2,14.000000000000002,86.4,2566,0,0
76535,173,48605,1,0,1,0.0,13.5,86.4,2680,0,0
76559,173,49014,1,0,1,0.5,13.5,86.4,2482,0,0
76584,173,49014,1,0,1,0.2,13.0,86.4,2746,0,0
76609,173,49014,1,0,1,0.3,12.5,86.4,2776,0,0
76633,173,49014,1,0,1,0.5,12.0,86.4,2704,0,0
76658,174,49017,1,0,1,0.3,12.0,86.4,2758,0,0
76684,174,49017,1,0,1,0.3,12.0,86.4,2686,0,0
76709,174,49017,1,0,1,0.0,11.5,86.4,2512,0,0
76733,174,49017,1,0,1,0.5,11.5,86.4,2836,0,0
76758,174,49017,1,0,1,0.4,11.5,86.4,2650,0,0
76783,174,49017,1,0,1,0.0,11.0,86.4,2632,0,0
76807,174,49017,1,0,1,0.1,11.0,86.4,2764,0,0
76834,174,49017,1,0,1,0.3,11.5,86.4,2692,0,0
76860,174,48608,1,0,1,1.0,11.5,86.4,2728,0,0
76884,174,49017,1,0,1,0.3,11.0,86.4,2512,0,0
76909,174,49017,1,0,1,0.2,11.0,86.4,2722,0,0
76934,174,49017,1,0,1,0.3,11.5,86.4,2434,0,0
76958,174,49017,1,0,1,0.0,12.5,86.4,2776,0,0
76983,173,49014,1,0,1,0.3,12.5,86.4,2578,0,0
77007,173,49014,1,0,1,0.3,12.5,86.4,2698,0,0
77032,173,49014,1,0,1,0.2,12.5,86.4,2740,0,0
77056,173,49014,1,0,1,0.2,13.5,86.4,2740,0,0
77081,173,49014,1,0,1,0.3,14.000000000000002,86.4,2626,0,0
77105,173,49091,1,0,1,0.0,13.5,86.4,2680,0,0
77130,174,49426,1,0,1,0.3,13.5,86.4,2878,0,0
77155,175,49429,1,0,1,0.0,13.5,86.5,2434,0,0
77179,175,49020,1,0,1,0.2,13.0,86.4,2668,0,0
77204,175,49020,1,0,1,1.0,13.5,86.3,2686,0,0
77228,175,49020,1,0,1,0.7,13.5,86.4,2680,0,0
77253,175,49020,1,0,1,0.0,13.5,86.4,2704,0,0
77277,175,49020,1,0,1,1.0,13.5,86.1,2632,0,0
77302,175,49020,1,0,1,0.2,13.5,86.4,2680,0,0
77327,175,49020,1,0,1,0.0,13.5,86.4,2704,0,0
77352,175,49020,1,0,1,0.7,13.5,86.4,2452,0,0
77376,175,49020,1,0,1,0.3,13.5,86.4,2800,0,0
77401,175,49020,1,0,1,0.5,13.5,86.4,2584,0,0
77425,175,48611,1,0,1,0.0,13.0,86.4,2392,0,0
77450,173,49014,1,0,1,0.0,12.5,86.4,2878,0,0
77474,173,49014,1,0,1,0.5,12.5,86.5,2338,0,0
77499,173,49014,1,0,1,0.3,13.0,86.4,2818,0,0
77524,173,48605,1,0,1,0.2,13.0,86.4,2758,0,0
77549,173,49014,1,0,1,0.5,13.0,86.4,2392,0,0
77573,173,49014,1,0,1,0.2,12.5,86.4,2842,0,0
77598,173,49014,1,0,1,0.2,13.0,86.4,2464,0,0
77622,173,49014,1,0,1,0.2,13.0,86.4,2686,0,0
77647,173,49014,1,0,1,0.2,13.5,86.4,2578,0,0
77671,173,49014,1,0,1,0.5,14.000000000000002,86.4,2818,0,0
77696,173,49014,1,0,1,0.0,14.000000000000002,86.4,2452,0,0
77721,174,49094,1,0,1,0.5,14.000000000000002,86.4,2572,0,0
77745,174,49017,1,0,1,0.3,13.5,86.4,2584,0,0
77770,174,49017,1,0,1,0.5,13.0,86.4,2782,0,0
77795,174,49017,1,0,1,0.2,13.0,86.4,2584,0,0
77819,174,48608,1,0,1,0.5,13.0,86.4,2512,0,0
77844,174,49017,1,0,1,0.3,12.5,86.4,2602,0,0
77868,174,49017,1,0,1,0.0,13.0,86.4,2878,0,0
77893,174,49017,1,0,1,0.7,12.5,86.4,2338,0,0
77917,174,49017,1,0,1,0.7,12.5,86.4,2836,0,0
77942,174,49017,1,0,1,0.3,13.0,86.4,2662,0,0
77966,174,49017,1,0,1,0.5,13.0,86.4,2728,0,0
77991,175,49020,1,0,1,0.5,13.5,86.4,2698,0,0
78015,175,49020,1,0,1,0.3,13.0,86.4,2650,0,0
78040,175,49020,1,0,1,0.2,13.5,86.4,2836,0,0
78065,175,49020,1,0,1,0.2,13.5,86.4,2860,0,0
78090,175,49020,1,0,1,0.2,13.0,86.4,2452,0,0
78115,175,49020,1,0,1,0.5,13.0,86.4,2722,0,0
78139,175,49020,1,0,1,0.5,12.5,86.4,2524,0,0
78164,175,49020,1,0,1,0.3,12.0,86.4,2512,0,0
78188,175,49020,1,0,1,0.5,12.0,86.4,2758,0,0
78213,175,49020,1,0,1,0.5,13.0,86.4,2818,0,0
78237,175,49020,1,0,1,0.7,13.5,86.4,2512,0,0
78265,175,49020,1,0,1,0.2,14.000000000000002,86.4,9939,0,0
78289,173,49014,1,0,1,0.3,13.5,86.4,2776,0,0
78314,173,49091,1,0,1,0.3,13.5,86.4,2476,0,0
78340,174,48608,1,0,1,0.5,13.0,86.4,2818,0,0
78364,174,49017,1,0,1,0.3,13.5,86.4,2782,0,0
78389,174,49017,1,0,1,0.7,13.0,86.5,2548,0,0
78413,174,49017,1,0,1,0.3,13.0,86.4,2818,0,0
78438,174,49426,1,0,1,0.8,13.5,86.4,2566,0,0
78462,174,49426,1,0,1,0.2,14.000000000000002,86.4,2752,0,0
78487,174,49017,1,0,1,0.5,14.499999999999998,86.4,2662,0,0
78512,174,49426,1,0,1,0.0,14.499999999999998,86.4,2710,0,0
78536,174,49426,1,0,1,0.8,15.0,86.0,2938,0,0
78561,174,49017,1,0,1,0.8,15.0,86.4,2860,0,0
78586,174,49426,1,0,1,0.0,14.499999999999998,86.4,2554,0,0
78610,174,49426,1,0,1,0.8,14.000000000000002,86.4,2800,0,0
78635,173,49014,1,0,1,0.5,14.000000000000002,86.4,2686,0,0
78660,173,49014,1,0,1,0.3,14.000000000000002,86.4,2728,0,0
78684,173,49014,1,0,1,0.3,13.5,86.4,2566,0,0
78708,173,49014,1,0,1,0.3,13.5,86.4,2902,0,0
78734,173,49014,1,0,1,0.3,13.5,86.4,2392,0,0
78759,173,49014,1,0,1,0.4,13.5,86.4,2836,0,0
78784,173,49014,1,0,1,0.3,13.5,86.4,2836,0,0
78808,173,49014,1,0,1,0.3,14.000000000000002,86.4,2650,0,0
78833,173,49014,1,0,1,0.3,14.000000000000002,86.4,2644,0,0
78857,173,49014,1,0,1,0.0,14.000000000000002,86.4,2662,0,0
78882,173,49014,1,0,1,0.0,14.499999999999998,86.4,2644,0,0
78907,173,49500,1,0,1,0.5,14.499999999999998,86.4,2860,0,0
78932,174,49426,1,0,1,0.3,14.499999999999998,86.4,2434,0,0
78957,174,49017,1,0,1,0.8,14.000000000000002,86.4,2860,0,0
78981,174,49017,1,0,1,0.5,14.000000000000002,86.4,2602,0,0
79006,174,49017,1,0,1,0.3,14.000000000000002,86.4,2692,0,0
79030,174,49017,1,0,1,0.5,14.000000000000002,86.4,2716,0,0
79055,174,49017,1,0,1,0.3,14.000000000000002,86.4,2776,0,0
79079,174,49017,1,0,1,0.2,14.000000000000002,86.4,2452,0,0
79104,174,49017,1,0,1,0.0,14.499999999999998,86.4,2434,0,0
79129,174,49017,1,0,1,0.2,14.000000000000002,86.4,2722,0,0
79153,174,49017,1,0,1,0.0,14.000000000000002,86.0,2554,0,0
79178,174,49017,1,0,1,0.5,14.499999999999998,86.4,2278,0,0
79202,174,49017,1,0,1,0.5,14.499999999999998,86.4,2788,0,0
79227,174,49017,1,0,1,0.0,14.499999999999998,86.4,2608,0,0
79251,174,49017,1,0,1,0.0,14.000000000000002,86.4,2662,0,0
79276,174,49017,1,0,1,0.5,13.5,86.4,2572,0,0
79300,174,49017,1,0,1,0.7,13.5,86.4,2602,0,0
79325,174,49017,1,0,1,0.3,13.5,86.3,2740,0,0
79349,174,49017,1,0,1,0.3,13.5,86.4,2398,0,0
79374,174,49017,1,0,1,0.5,13.5,86.4,2698,0,0
79398,174,49426,1,0,1,0.5,13.5,86.3,2728,0,0
79423,174,49426,1,0,1,1.0,14.000000000000002,86.4,2542,0,0
79447,174,49835,1,0,1,0.5,14.000000000000002,86.4,2782,0,0
79472,174,49835,1,0,1,0.5,13.5,86.4,2362,0,0
79496,174,49835,1,0,1,0.3,13.0,86.4,2878,0,0
79521,174,49017,1,0,1,0.7,13.5,86.4,2704,0,0
79546,175,49020,1,0,1,0.5,13.0,86.4,2686,0,0
79571,175,49020,1,0,1,0.7,12.5,86.4,2860,0,0
79595,175,49020,1,0,1,0.5,12.5,86.4,2320,0,0
79620,175,49020,1,0,1,0.2,12.0,86.4,2668,0,0
79644,175,49020,1,0,1,0.2,12.0,86.4,2548,0,0
79672,175,49020,1,0,1,0.3,11.5,86.4,2626,0,0
79696,175,49020,1,0,1,0.5,11.5,86.4,2536,0,0
79721,175,49020,1,0,1,0.7,12.0,86.4,2524,0,0
79745,176,49023,1,0,1,0.0,11.5,85.9,2782,0,0
79770,176,49023,1,0,1,0.0,11.0,86.4,2434,0,0
79794,176,49023,1,0,1,0.3,12.5,86.4,2662,0,0
79819,176,48614,1,0,1,0.0,12.0,86.1,2686,0,0
79844,176,49020,1,0,1,0.2,12.0,86.4,2740,0,0
79868,175,49020,1,0,1,0.5,12.0,86.4,2896,0,0
79893,175,49020,1,0,1,0.3,12.0,86.4,2650,0,0
79917,175,49020,1,0,1,1.0,11.5,86.4,2878,0,0
79942,175,49020,1,0,1,0.4,11.5,86.4,2584,0,0
79967,175,48611,1,0,1,0.8,11.5,86.4,2530,0,0
79992,175,48611,1,0,1,1.0,11.0,86.4,2758,0,0
80016,175,48611,1,0,1,0.0,11.0,86.4,2434,0,0
80041,175,48611,1,0,1,0.5,10.5,86.4,2704,0,0
80066,174,49017,1,0,1,0.0,10.5,86.4,2452,0,0
80090,173,49014,1,0,1,0.5,10.0,86.4,2662,0,0
80114,173,49091,1,0,1,0.5,10.0,86.3,2590,0,0
80139,174,49014,1,0,1,0.5,9.5,86.4,2698,0,0
80164,174,49017,1,0,1,0.0,9.5,86.4,2704,0,0
80188,174,49017,1,0,1,0.0,9.5,86.4,2524,0,0
80213,174,49017,1,0,1,0.0,9.5,86.4,2818,0,0
80238,174,49017,1,0,1,0.5,9.5,86.4,2650,0,0
80262,174,49017,1,0,1,0.3,9.0,86.4,2722,0,0
80287,174,49017,1,0,1,0.5,9.5,86.4,2800,0,0
80312,174,49017,1,0,1,0.7,9.5,86.4,2392,0,0
80336,174,49017,1,0,1,0.7,9.5,86.4,2800,0,0
80361,174,49017,1,0,1,0.3,9.0,86.3,2878,0,0
80385,174,49017,1,0,1,0.0,9.0,86.4,2590,0,0
80410,174,49017,1,0,1,0.3,10.0,86.4,2686,0,0
80435,174,49014,1,0,1,1.0,10.0,86.4,2416,0,0
80459,173,48605,1,0,1,0.0,10.5,86.4,2920,0,0
80484,173,49014,1,0,1,0.2,10.5,86.4,2818,0,0
80509,173,49014,1,0,1,1.0,10.5,86.4,2338,0,0
80537,173,49014,1,0,1,0.8,10.5,86.4,3010,0,0
80562,174,49017,1,0,1,0.0,10.0,86.4,2860,0,0
80586,174,49017,1,0,1,0.2,9.5,86.4,2734,0,0
80611,174,49017,1,0,1,0.3,9.5,86.4,2746,0,0
80635,174,49017,1,0,1,0.2,9.5,86.4,2776,0,0
80660,174,49017,1,0,1,0.5,10.0,86.4,2572,0,0
80684,174,49017,1,0,1,0.3,10.0,86.4,2542,0,0
80709,174,48685,1,0,1,0.5,10.0,86.4,2938,0,0
80733,174,48608,1,0,1,0.5,10.5,86.4,2650,0,0
80758,174,49017,1,0,1,0.5,10.0,86.4,2626,0,0
80782,174,49017,1,0,1,0.3,10.5,86.4,2758,0,0
80807,174,49426,1,0,1,0.0,10.0,86.4,2476,0,0
80831,174,49426,1,0,1,0.0,10.0,86.4,2584,0,0
80856,173,49014,1,0,1,0.5,10.0,86.4,2524,0,0
80881,173,48605,1,0,1,0.5,10.5,86.4,2590,0,0
80905,173,48605,1,0,1,0.5,10.5,86.4,2818,0,0
80930,173,48605,1,0,1,0.5,10.0,86.4,2590,0,0
80954,173,48605,1,0,1,0.1,10.0,86.3,2818,0,0
80980,173,48605,1,0,1,0.7,10.5,86.4,2782,0,0
81005,173,49014,1,0,1,0.0,10.5,86.4,2494,0,0
81030,173,49014,1,0,1,0.7,10.5,86.4,2878,0,0
81054,173,49014,1,0,1,0.2,10.5,86.4,2680,0,0
81079,173,49014,1,0,1,0.3,11.0,86.4,2650,0,0
81104,173,49423,1,0,1,0.5,11.0,86.4,2896,0,0
81132,173,49423,1,0,1,0.5,11.5,86.4,2740,0,0
81156,173,49423,1,0,1,0.0,11.0,86.4,2524,0,0
81181,173,49014,1,0,1,0.0,11.0,86.4,2668,0,0
81205,173,49014,1,0,1,0.3,11.0,86.4,2782,0,0
81230,173,49014,1,0,1,0.8,11.5,86.4,2392,0,0
81254,173,49014,1,0,1,0.0,12.0,86.4,2836,0,0
81279,173,49014,1,0,1,0.0,12.5,86.4,2734,0,0
81303,173,49014,1,0,1,0.3,12.0,86.3,2632,0,0
81328,173,49014,1,0,1,0.2,11.5,86.4,2626,0,0
81353,174,49017,1,0,1,0.0,11.0,86.4,2758,0,0
81378,174,49017,1,0,1,0.5,12.0,86.4,2710,0,0
81402,174,49017,1,0,1,0.5,12.0,86.4,2698,0,0
81427,174,49017,1,0,1,1.0,12.0,86.4,2572,0,0
81451,174,49017,1,0,1,0.5,12.0,86.4,2758,0,0
81476,174,49017,1,0,1,0.0,12.0,86.4,2818,0,0
81500,174,49017,1,0,1,0.3,12.0,86.4,2650,0,0
81525,174,48608,1,0,1,0.5,12.5,86.4,2386,0,0
81549,174,48608,1,0,1,0.7,12.5,86.4,2818,0,0
81574,174,49017,1,0,1,0.2,12.5,86.1,2650,0,0
81598,174,49017,1,0,1,1.0,12.5,86.4,2572,0,0
81623,174,49017,1,0,1,0.3,12.0,86.4,2854,0,0
81647,173,49014,1,0,1,0.5,11.5,86.4,2164,0,0
81672,173,49423,1,0,1,0.3,11.0,86.4,2800,0,0
81696,172,49420,1,0,1,0.3,11.0,86.4,2692,0,0
81725,173,49832,1,0,1,0.0,10.5,86.4,2668,0,0
81750,173,49832,1,0,1,0.3,10.5,86.4,2800,0,0
81774,173,49014,1,0,1,0.3,10.5,86.4,2356,0,0
81799,173,49014,1,0,1,0.5,10.0,86.4,2590,0,0
81823,174,49017,1,0,1,0.5,9.5,86.4,2662,0,0
81848,174,49017,1,0,1,0.3,9.5,86.4,2764,0,0
81874,174,49017,1,0,1,0.2,9.0,86.4,9951,0,0
81898,174,49017,1,0,1,1.0,9.0,86.4,2554,0,0
81923,174,49017,1,0,1,0.5,9.0,86.4,2680,0,0
81947,174,49017,1,0,1,0.2,8.5,86.4,2512,0,0
81972,174,49017,1,0,1,0.0,8.5,86.4,2608,0,0
81996,174,49017,1,0,1,0.4,8.5,86.4,2590,0,0
82021,174,49017,1,0,1,0.3,8.5,86.3,2590,0,0
82046,174,49017,1,0,1,0.0,9.5,86.4,2818,0,0
82071,174,49017,1,0,1,0.3,9.0,86.4,2482,0,0
82095,174,49426,1,0,1,0.2,9.5,86.4,2920,0,0
82120,174,49426,1,0,1,0.3,9.5,86.4,2644,0,0
82144,173,49014,1,0,1,0.5,9.5,86.4,2554,0,0
82169,173,49014,1,0,1,0.5,9.0,86.4,2818,0,0
82194,173,49014,1,0,1,0.2,9.5,86.4,2836,0,0
82218,173,49014,1,0,1,0.7,9.5,86.4,2572,0,0
82243,173,49014,1,0,1,0.3,10.0,86.4,2698,0,0
82267,173,49014,1,0,1,0.0,9.5,86.4,2692,0,0
82292,173,49014,1,0,1,0.3,10.0,86.4,2860,0,0
82317,174,49017,1,0,1,0.5,11.5,86.4,2602,0,0
82341,174,49017,1,0,1,0.5,12.0,86.4,2710,0,0
82366,174,49017,1,0,1,0.7,12.0,86.4,2716,0,0
82390,174,49426,1,0,1,0.2,12.5,86.4,2860,0,0
82414,174,49426,1,0,1,0.0,12.0,86.4,2650,0,0
82439,174,49017,1,0,1,0.5,13.0,86.4,2746,0,0
82464,174,49017,1,0,1,0.3,13.5,86.4,2818,0,0
82489,174,49017,1,0,1,0.3,14.000000000000002,86.4,2728,0,0
82513,174,48685,1,0,1,0.3,13.5,86.4,2680,0,0
82538,174,49017,1,0,1,0.2,13.5,86.4,2728,0,0
82563,174,49426,1,0,1,0.0,13.5,86.4,2758,0,0
82587,174,49426,1,0,1,0.5,14.000000000000002,86.4,2644,0,0
82612,173,49014,1,0,1,0.3,14.000000000000002,86.4,2470,0,0
82636,173,49014,1,0,1,0.0,14.000000000000002,86.4,2920,0,0
82661,173,49014,1,0,1,0.3,15.5,86.4,2758,0,0
82685,173,49014,1,0,1,0.3,15.5,86.4,3058,0,0
82714,173,49423,1,0,1,0.0,15.0,86.4,2668,0,0
82739,173,49423,1,0,1,0.8,15.0,86.4,2524,0,0
82763,173,49014,1,0,1,0.5,14.499999999999998,86.4,2776,0,0
82788,174,49017,1,0,1,0.5,14.499999999999998,86.4,2572,0,0
82813,174,49017,1,0,1,0.5,14.000000000000002,86.4,2818,0,0
82838,174,49017,1,0,1,0.0,13.5,86.4,2554,0,0
82862,174,49017,1,0,1,0.3,13.0,86.4,2740,0,0
82887,174,49017,1,0,1,0.0,13.5,86.4,2818,0,0
82911,174,49017,1,0,1,0.3,13.5,86.4,2470,0,0
82936,174,49017,1,0,1,0.0,13.5,86.4,2644,0,0
82960,174,49017,1,0,1,0.5,13.0,86.4,2818,0,0
82985,174,49017,1,0,1,0.2,13.0,86.4,2548,0,0
83010,174,49017,1,0,1,0.5,13.0,86.4,2842,0,0
83035,174,49017,1,0,1,0.3,13.0,86.4,2584,0,0
83059,174,49017,1,0,1,0.0,12.5,86.4,2476,0,0
83084,173,49014,1,0,1,0.3,12.5,86.4,2896,0,0
83108,173,49091,1,0,1,0.2,12.5,86.4,2416,0,0
83134,174,49017,1,0,1,0.3,12.5,86.4,2860,0,0
83158,174,49017,1,0,1,0.8,12.5,86.4,2584,0,0
83183,174,49017,1,0,1,0.3,12.5,86.4,2614,0,0
83207,174,49017,1,0,1,0.3,13.0,86.4,2818,0,0
83232,174,48608,1,0,1,0.0,13.5,86.4,2758,0,0
83257,174,49426,1,0,1,0.5,13.5,86.4,2728,0,0
83281,174,49426,1,0,1,0.2,13.5,86.4,2620,0,0
83306,174,49017,1,0,1,0.0,14.000000000000002,86.4,2800,0,0
83330,174,49017,1,0,1,0.5,13.5,86.4,2608,0,0
83355,174,49017,1,0,1,0.5,14.000000000000002,85.9,2818,0,0
83379,175,49020,1,0,1,0.5,14.000000000000002,86.4,2650,0,0
83404,175,49020,1,0,1,0.3,13.5,86.4,2758,0,0
83429,175,49020,1,0,1,0.3,13.5,86.4,2740,0,0
83453,175,49020,1,0,1,0.5,15.5,86.4,2668,0,0
83478,175,49020,1,0,1,0.5,15.5,86.4,2914,0,0
83502,175,48611,1,0,1,0.7,15.0,86.4,2680,0,0
83527,175,49020,1,0,1,0.0,15.0,86.4,2626,0,0
83551,175,49020,1,0,1,0.3,14.499999999999998,86.4,2758,0,0
83576,175,49020,1,0,1,0.0,15.5,86.4,2782,0,0
83600,175,49020,1,0,1,0.3,15.0,86.4,2770,0,0
83626,175,49020,1,0,1,0.3,15.5,86.4,2800,0,0
83651,175,49020,1,0,1,0.5,15.5,86.3,2488,0,0
83675,175,49020,1,0,1,0.3,15.5,86.4,2608,0,0
83700,173,49014,1,0,1,0.3,15.0,86.4,2758,0,0
83724,173,49014,1,0,1,0.0,15.5,86.4,2512,0,0
83749,174,49017,1,0,1,0.0,15.5,86.4,2878,0,0
83773,174,49017,1,0,1,0.8,15.0,86.4,2584,0,0
83798,174,49017,1,0,1,0.0,15.0,86.4,2728,0,0
83822,174,49017,1,0,1,0.3,15.0,85.8,2818,0,0
83847,174,49017,1,0,1,0.0,15.0,86.3,2680,0,0
83871,174,49017,1,0,1,0.5,15.0,86.3,2632,0,0
83896,174,49426,1,0,1,0.2,14.499999999999998,86.3,2878,0,0
83920,174,49426,1,0,1,0.5,14.000000000000002,86.3,2512,0,0
83945,174,49017,1,0,1,1.0,13.5,86.3,2758,0,0
83969,174,49017,1,0,1,1.0,13.5,86.3,2896,0,0
83994,174,49017,1,0,1,0.0,13.0,86.3,2530,0,0
84019,174,49017,1,0,1,0.0,12.5,86.2,2686,0,0
84043,173,48605,1,0,1,0.2,12.5,86.3,2644,0,0
84068,173,48605,1,0,1,0.2,12.5,86.2,2608,0,0
84092,173,49014,1,0,1,0.0,12.5,86.3,2740,0,0
84117,173,49014,1,0,1,0.5,13.5,86.2,2554,0,0
84141,173,49014,1,0,1,0.0,14.000000000000002,86.3,2650,0,0
84165,173,49014,1,0,1,0.3,13.5,86.3,2800,0,0
84190,173,49014,1,0,1,0.2,13.0,86.3,2464,0,0
84215,173,49014,1,0,1,0.7,12.5,86.3,2758,0,0
84239,173,49014,1,0,1,0.0,12.5,86.3,2704,0,0
84263,173,49014,1,0,1,0.3,12.0,86.3,2650,0,0
84288,173,49014,1,0,1,0.0,12.0,86.2,2722,0,0
84312,173,49091,1,0,1,0.0,11.5,86.3,2452,0,0
84337,174,49017,1,0,1,0.0,11.5,86.3,2686,0,0
84361,174,49017,1,0,1,0.3,11.5,86.2,2740,0,0
84386,174,49017,1,0,1,0.3,11.5,86.3,2800,0,0
84411,174,49017,1,0,1,0.3,12.5,86.3,2554,0,0
84436,174,49017,1,0,1,0.0,12.0,86.2,2602,0,0
84460,174,49017,1,0,1,0.3,11.5,86.3,2746,0,0
84485,174,49017,1,0,1,0.5,11.5,86.3,2560,0,0
84509,174,49017,1,0,1,0.0,11.5,86.3,2740,0,0
84534,174,49017,1,0,1,0.5,11.0,86.3,2572,0,0
84559,174,49017,1,0,1,0.7,11.0,86.3,2572,0,0
84583,174,49017,1,0,1,0.3,11.0,86.3,2800,0,0
84608,174,49017,1,0,1,0.2,11.0,86.3,2356,0,0
84633,174,49017,1,0,1,0.5,11.0,86.3,2800,0,0
84657,173,49014,1,0,1,1.0,11.0,86.3,2800,0,0
84682,173,49014,1,0,1,0.8,11.0,86.3,2392,0,0
84706,173,49014,1,0,1,0.3,11.0,86.3,2764,0,0
84731,173,49423,1,0,1,0.5,10.5,86.3,2332,0,0
84756,173,49423,1,0,1,0.1,10.5,86.3,3394,0,0
84782,173,49423,1,0,1,0.3,10.0,86.2,2488,0,0
84807,173,49014,1,0,1,0.8,10.0,86.3,2818,0,0
84832,173,49014,1,0,1,0.2,10.0,86.3,2686,0,0
84856,173,49014,1,0,1,0.2,10.5,86.3,2800,0,0
84881,173,49014,1,0,1,0.5,10.5,86.3,2512,0,0
84906,173,49091,1,0,1,0.3,10.5,86.3,2782,0,0
84930,173,49014,1,0,1,0.7,10.5,86.3,2758,0,0
84955,174,49017,1,0,1,0.5,10.5,86.2,2668,0,0
84979,174,49017,1,0,1,0.3,10.5,86.3,2860,0,0
85004,174,48608,1,0,1,0.3,10.0,86.3,2686,0,0
85028,174,49017,1,0,1,0.0,10.0,86.3,2470,0,0
85053,174,49017,1,0,1,0.0,10.0,86.2,2800,0,0
85077,174,49017,1,0,1,1.5,10.5,86.3,2782,0,0
85102,174,49017,1,0,1,0.5,10.5,86.3,2458,0,0
85127,174,49017,1,0,1,0.5,10.5,86.3,2800,0,0
85151,174,49017,1,0,1,0.9,10.0,86.2,2494,0,0
85176,174,49017,1,0,1,0.7,9.5,86.3,2818,0,0
85201,174,49017,1,0,1,0.4,9.5,86.3,2800,0,0
85225,174,49017,1,0,1,0.0,9.0,86.3,2728,0,0
85250,173,49014,1,0,1,0.5,9.0,86.3,2680,0,0
85275,173,49014,1,0,1,1.0,9.0,86.3,2602,0,0
85300,173,49014,1,0,1,0.3,9.5,86.3,2728,0,0
85324,173,49014,1,0,1,0.7,9.5,86.2,2722,0,0
85350,173,49423,1,0,1,0.5,9.5,86.3,2836,0,0
85375,173,49423,1,0,1,0.0,9.5,86.3,2668,0,0
85399,173,49014,1,0,1,0.7,9.0,86.3,2662,0,0
85424,173,49014,1,0,1,0.5,9.0,86.3,2626,0,0
85448,173,49014,1,0,1,0.3,9.0,86.3,2530,0,0
85475,173,49423,2,0,1,0.5,9.0,86.3,10246,0,0
85499,173,49423,2,0,1,0.0,9.0,86.3,2921,0,0
85524,173,49423,1,0,1,0.7,9.0,86.3,2356,0,0
85548,175,49429,1,0,1,0.5,9.0,86.3,2860,0,0
85572,175,49429,1,0,1,0.5,9.0,86.3,2314,0,0
85597,175,49429,1,0,1,0.5,10.0,86.3,2818,0,0
85622,175,49020,1,0,1,0.3,9.5,86.3,2740,0,0
85646,175,49020,1,0,1,0.8,9.5,86.3,2788,0,0
85671,175,49020,1,0,1,0.3,9.0,86.3,2644,0,0
85695,175,49020,1,0,1,0.2,9.0,86.3,2620,0,0
85720,175,49020,1,0,1,0.5,9.0,86.3,2728,0,0
85745,175,48611,1,0,1,0.2,9.0,86.3,2818,0,0
85769,175,49020,1,0,1,0.5,9.0,86.3,2602,0,0
85795,175,49020,1,0,1,0.0,9.0,86.3,2728,0,0
85819,175,49020,1,0,1,0.5,9.0,86.3,2776,0,0
85844,173,49014,1,0,1,0.5,9.0,86.3,2860,0,0
85868,173,49014,1,0,1,0.0,9.0,86.3,2668,0,0
85893,173,49014,1,0,1,0.3,9.0,86.3,2662,0,0
85918,173,49014,1,0,1,1.2,9.0,86.2,2692,0,0
85942,173,49014,1,0,1,0.2,9.5,86.3,2656,0,0
85967,173,49014,1,0,1,0.5,10.0,86.3,2860,0,0
85991,173,49014,1,0,1,0.5,10.0,86.3,2704,0,0
86016,173,49014,1,0,1,0.5,9.5,86.3,2662,0,0
86041,173,49014,1,0,1,0.5,9.0,86.3,2878,0,0
86065,173,49014,1,0,1,0.5,9.0,86.3,2374,0,0
86090,173,49014,1,0,1,0.3,9.0,86.2,2878,0,0
86114,173,49091,1,0,1,0.5,9.5,86.3,2542,0,0
86139,174,49017,1,0,1,0.0,9.5,86.3,2710,0,0
86164,174,49017,1,0,1,0.3,9.5,86.3,2758,0,0
86188,174,49017,1,0,1,0.3,10.0,86.3,2608,0,0
86213,174,49017,1,0,1,0.0,9.5,86.3,2716,0,0
86238,174,49017,1,0,1,0.5,9.5,86.3,2704,0,0
86267,174,49835,1,0,1,0.3,9.5,86.2,3286,0,0
86291,174,49835,1,0,1,0.0,9.0,86.3,2512,0,0
86316,174,49835,1,0,1,0.5,9.0,86.3,2662,0,0
86340,174,49017,1,0,1,0.3,8.5,86.2,2782,0,0
86365,174,49014,1,0,1,0.5,8.5,86.3,2470,0,0
86389,174,49426,1,0,1,0.3,9.0,86.2,2704,0,0
14,174,49426,1,0,1,9.1,8.5,86.4,2590,0,0
39,177,49026,1,0,1,0.3,9.0,85.0,2782,0,0
64,177,48617,1,0,1,0.3,10.0,84.8,2860,0,0
88,177,48617,1,0,1,0.5,10.0,84.8,2614,0,0
113,177,48617,1,0,1,0.0,10.0,85.3,2818,0,0
137,177,49026,1,0,1,0.0,10.0,85.3,2374,0,0
162,177,49026,1,0,1,0.3,9.5,85.3,2650,0,0
187,177,49026,1,0,1,0.3,10.0,85.3,2800,0,0
211,177,49026,1,0,1,0.2,9.5,85.3,2644,0,0
236,177,49026,1,0,1,0.3,10.0,85.3,2710,0,0
261,177,49026,1,0,1,0.0,10.0,85.3,2836,0,0
285,177,49435,1,0,1,0.3,10.5,85.3,2782,0,0
310,177,49512,1,0,1,0.3,11.0,85.3,2632,0,0
334,173,49014,1,0,1,0.3,11.0,85.3,2860,0,0
359,173,49014,1,0,1,3.7,11.0,85.3,2650,0,0
383,173,49014,1,0,1,0.4,11.0,85.3,2860,0,0
409,173,49423,1,0,1,0.8,11.0,85.3,2860,0,0
433,173,49423,1,0,1,0.0,11.0,85.3,2572,0,0
458,173,49014,1,0,1,0.0,11.0,85.3,2530,0,0
482,173,49014,1,0,1,0.0,11.0,85.3,2836,0,0
507,173,49423,1,0,1,0.7,11.0,85.3,2566,0,0
531,173,49423,1,0,1,0.5,11.5,85.3,2800,0,0
556,174,49017,1,0,1,0.8,11.0,84.8,2476,0,0
581,174,49017,1,0,1,0.2,11.0,84.6,2788,0,0
608,174,49017,1,0,1,0.0,11.0,85.0,3034,0,0
633,174,49426,1,0,1,0.5,11.5,85.1,2530,0,0
657,174,49426,1,0,1,1.2,11.5,85.0,2644,0,0
682,174,49017,1,0,1,0.0,11.5,85.0,2878,0,0
706,174,49017,1,0,1,0.3,11.0,85.0,2620,0,0
731,174,49017,1,0,1,0.3,11.0,85.1,2830,0,0
755,174,49017,1,0,1,0.3,11.0,85.0,2542,0,0
780,174,49017,1,0,1,0.2,10.5,85.0,3172,0,0
807,174,49426,1,0,1,0.3,10.5,85.0,2296,0,0
832,174,49426,1,0,1,0.2,10.0,85.0,2818,0,0
857,173,49832,1,0,1,0.3,10.0,85.0,2818,0,0
881,173,49832,1,0,1,0.7,10.0,85.0,2494,0,0
906,173,49014,1,0,1,0.3,9.5,85.0,2878,0,0
931,174,49017,1,0,1,0.3,9.5,85.0,2338,0,0
955,174,49017,1,0,1,0.5,9.5,85.0,2602,0,0
980,174,49017,1,0,1,0.0,9.5,85.0,2818,0,0
1006,174,49017,1,0,1,0.2,9.0,85.0,2818,0,0
1031,174,49017,1,0,1,0.3,9.0,85.0,2692,0,0
1055,174,49017,1,0,1,0.3,9.0,85.0,2698,0,0
1080,174,49017,1,0,1,0.0,9.0,85.0,2554,0,0
1104,174,49017,1,0,1,0.2,9.0,85.0,2662,0,0
1130,174,49017,1,0,1,0.0,9.0,85.0,2776,0,0
1154,174,49426,1,0,1,0.3,9.5,85.0,2668,0,0
1179,174,49426,1,0,1,0.2,9.5,85.0,2722,0,0
1203,174,49426,1,0,1,0.7,9.0,85.0,2704,0,0
1228,173,49423,1,0,1,0.3,9.0,85.0,2356,0,0
1252,173,49832,1,0,1,0.0,8.5,85.0,2722,0,0
1276,173,49832,1,0,1,0.7,8.5,85.0,2800,0,0
1301,173,49014,1,0,1,0.5,9.0,85.0,2392,0,0
1326,173,49014,1,0,1,0.4,9.0,85.0,2956,0,0
1351,174,49426,1,0,1,0.2,9.0,85.0,2434,0,0
1376,174,49835,1,0,1,0.3,9.0,85.0,2860,0,0
1400,174,49835,1,0,1,0.5,9.0,85.0,2782,0,0
1425,174,49017,1,0,1,0.2,8.5,85.0,2380,0,0
1450,174,49017,1,0,1,0.2,9.5,85.0,2698,0,0
1474,174,49017,1,0,1,0.0,9.5,85.0,2896,0,0
1499,174,49017,1,0,1,0.5,9.0,85.0,2650,0,0
1523,174,49017,1,0,1,0.0,9.0,85.0,2746,0,0
1549,174,49017,1,0,1,0.0,9.0,85.0,2644,0,0
1573,174,49017,1,0,1,0.5,9.0,85.0,2590,0,0
1598,174,49017,1,0,1,0.3,9.0,84.2,2662,0,0
1622,174,49017,1,0,1,0.0,9.5,84.1,2878,0,0
1647,174,49017,1,0,1,0.3,9.5,84.0,2548,0,0
1672,174,49017,1,0,1,0.3,9.0,84.4,2764,0,0
1697,174,49017,1,0,1,0.5,9.0,84.4,2746,0,0
1721,174,49017,1,0,1,0.2,9.0,84.4,2644,0,0
1746,174,49426,1,0,1,0.5,9.0,84.4,3118,0,0
1770,174,49426,1,0,1,0.5,9.0,84.4,2494,0,0
1795,174,49017,1,0,1,0.0,9.0,84.4,2878,0,0
1819,174,49017,1,0,1,0.2,9.5,84.4,2860,0,0
1844,174,49017,1,0,1,0.5,9.5,84.4,2512,0,0
1868,174,49017,1,0,1,0.0,9.0,84.4,2704,0,0
1893,174,49017,1,0,1,0.3,9.0,84.4,2680,0,0
1917,173,48605,1,0,1,1.0,8.5,84.4,2728,0,0
1942,174,49426,1,0,1,0.5,8.5,84.4,2878,0,0
1967,174,49426,1,0,1,0.3,8.0,84.4,2494,0,0
1993,174,49017,1,0,1,0.7,8.0,84.4,3112,0,0
2017,174,49426,1,0,1,0.0,8.0,84.4,2506,0,0
2042,174,49426,1,0,1,0.7,8.0,84.4,2572,0,0
2066,174,49017,1,0,1,0.3,8.5,84.4,2878,0,0
2093,174,49017,1,0,1,0.3,9.0,84.4,2896,0,0
2117,174,49094,1,0,1,0.0,9.0,84.4,2746,0,0
2142,174,49017,1,0,1,0.3,9.0,84.4,2584,0,0
2167,174,49017,1,0,1,0.3,9.0,84.4,2824,0,0
2191,174,49017,1,0,1,0.2,9.0,84.4,2668,0,0
2216,174,49017,1,0,1,0.7,9.0,84.4,2740,0,0
2241,174,49017,1,0,1,0.3,9.0,84.4,2800,0,0
2265,173,49014,1,0,1,0.5,9.5,84.3,2686,0,0
2290,173,49014,1,0,1,0.2,9.5,84.4,2818,0,0
2314,173,49014,1,0,1,0.6,9.5,84.4,2674,0,0
2339,173,49423,1,0,1,0.3,10.0,83.9,2512,0,0
2364,174,49426,1,0,1,0.0,10.0,84.4,2818,0,0
2388,175,49429,1,0,1,0.5,10.5,84.3,2662,0,0
2413,175,49020,1,0,1,0.7,10.0,84.3,2476,0,0
2439,175,49020,1,0,1,0.3,10.0,84.3,3016,0,0
2463,175,49020,1,0,1,0.5,9.5,84.3,2548,0,0
2488,175,49020,1,0,1,0.3,9.5,84.3,2572,0,0
2512,175,49020,1,0,1,0.5,9.5,84.3,2722,0,0
2538,175,49020,1,0,1,0.7,9.5,84.3,2686,0,0
2562,175,48611,1,0,1,0.3,9.0,84.3,2680,0,0
2587,175,49020,1,0,1,0.0,9.5,84.3,2644,0,0
2611,175,49020,1,0,1,0.5,9.5,84.3,2686,0,0
2636,175,49020,1,0,1,0.3,9.5,84.3,2818,0,0
2661,174,49017,1,0,1,0.5,9.5,84.3,2842,0,0
2687,173,49014,1,0,1,0.0,9.0,84.3,9794,0,0
2711,174,49094,1,0,1,0.0,9.5,84.3,2878,0,0
2736,174,49017,1,0,1,0.5,9.5,84.3,2800,0,0
2760,174,49017,1,0,1,0.3,9.0,84.3,2452,0,0
2785,174,49017,1,0,1,0.7,9.0,84.3,2878,0,0
2810,174,49017,1,0,1,0.5,9.5,84.3,2332,0,0
2835,174,49017,1,0,1,0.5,9.5,84.3,2692,0,0
2859,174,49017,1,0,1,0.4,9.0,84.3,2584,0,0
2884,174,49017,1,0,1,0.3,9.0,84.3,2704,0,0
2908,174,49017,1,0,1,0.3,8.5,84.3,2710,0,0
2934,174,49017,1,0,1,0.3,8.5,84.3,2800,0,0
2958,174,49017,1,0,1,0.2,8.5,84.3,2788,0,0
2983,174,49017,1,0,1,0.5,8.0,84.3,2620,0,0
3008,174,49017,1,0,1,0.2,8.0,84.3,2764,0,0
3032,174,49835,1,0,1,0.0,8.5,84.4,2710,0,0
3057,174,49835,1,0,1,0.3,9.0,84.3,2740,0,0
3081,174,49835,1,0,1,0.2,10.0,84.3,2902,0,0
3105,174,49835,1,0,1,0.2,9.5,84.3,2302,0,0
3131,174,49017,1,0,1,0.4,10.0,84.3,2740,0,0
3155,174,49017,1,0,1,0.5,10.0,84.3,2722,0,0
3180,174,49017,1,0,1,0.0,9.5,84.3,2686,0,0
3205,174,49426,1,0,1,0.8,9.5,84.3,2818,0,0
3229,174,49835,1,0,1,0.5,9.0,84.3,2686,0,0
3254,174,49835,1,0,1,0.5,10.0,84.3,2644,0,0
3278,174,49835,1,0,1,0.0,9.5,84.3,2818,0,0
3303,174,49835,1,0,1,0.5,9.0,84.3,2590,0,0
3327,174,49017,1,0,1,0.0,9.0,84.3,2704,0,0
3352,175,49020,1,0,1,0.5,9.0,84.2,2584,0,0
3376,175,49020,1,0,1,0.7,9.0,84.4,2728,0,0
3401,175,49020,1,0,1,0.2,9.0,84.3,2722,0,0
3425,175,49429,1,0,1,0.2,9.0,84.3,2722,0,0
3450,175,49429,1,0,1,0.5,9.0,84.3,2644,0,0
3474,175,49020,1,0,1,0.3,9.0,84.3,2704,0,0
3499,175,49020,1,0,1,0.3,9.0,84.3,2710,0,0
3523,175,49020,1,0,1,0.5,8.5,84.3,2644,0,0
3548,175,49429,1,0,1,0.5,8.5,84.3,2860,0,0
3573,175,49429,1,0,1,0.3,9.0,84.3,2728,0,0
3597,175,49429,1,0,1,1.0,9.0,84.2,2764,0,0
3622,175,48611,1,0,1,0.2,9.0,84.3,2782,0,0
3646,173,49014,1,0,1,0.3,9.0,84.3,2590,0,0
3671,173,49014,1,0,1,0.3,9.0,84.3,2800,0,0
3695,173,49014,1,0,1,0.3,9.0,84.3,2962,0,0
3720,173,49014,1,0,1,0.3,8.5,84.3,2572,0,0
3745,173,49014,1,0,1,0.5,8.5,84.3,2920,0,0
3770,173,49014,1,0,1,0.0,8.5,84.3,2548,0,0
3794,173,48605,1,0,1,0.3,8.0,84.3,2818,0,0
3819,173,49014,1,0,1,0.5,8.0,84.3,2680,0,0
3843,173,49014,1,0,1,0.2,8.0,84.3,2764,0,0
3868,173,49014,1,0,1,0.8,8.0,84.3,2644,0,0
3892,173,49014,1,0,1,0.3,8.0,84.3,2446,0,0
3917,173,49091,1,0,1,0.5,8.0,84.3,2650,0,0
3941,175,48611,1,0,1,0.5,9.5,84.3,2860,0,0
3966,175,49020,1,0,1,0.3,9.5,84.2,2704,0,0
3990,175,49429,1,0,1,0.5,9.0,84.3,2686,0,0
4015,175,49429,1,0,1,0.0,8.5,84.3,2776,0,0
4046,175,49020,1,0,1,0.2,8.5,84.3,3526,0,0
4073,175,49429,1,0,1,0.0,9.0,84.3,2548,0,0
4098,175,49429,1,0,1,0.5,9.0,84.3,2608,0,0
4122,175,49020,1,0,1,0.3,9.5,84.3,2896,0,0
4147,175,49020,1,0,1,0.0,9.5,84.2,2800,0,0
4172,175,49429,1,0,1,0.0,10.0,84.3,2746,0,0
4196,175,49429,1,0,1,0.3,10.0,84.3,2446,0,0
4221,175,49020,1,0,1,0.3,10.0,84.3,2836,0,0
4246,173,49014,1,0,1,0.5,10.0,84.3,2416,0,0
4270,173,49014,1,0,1,0.3,9.5,84.3,2818,0,0
4295,173,49014,1,0,1,0.5,9.5,84.3,2536,0,0
4319,173,49014,1,0,1,0.2,9.0,84.3,2542,0,0
4343,173,49014,1,0,1,0.2,9.5,84.3,2956,0,0
4368,173,49014,1,0,1,0.2,9.5,84.3,2434,0,0
4393,173,49014,1,0,1,0.0,10.0,84.3,2800,0,0
4418,173,49014,1,0,1,0.3,10.0,84.3,2956,0,0
4444,173,49014,1,0,1,0.2,9.5,84.3,2566,0,0
4469,173,49014,1,0,1,0.3,9.5,84.3,2704,0,0
4493,173,48605,1,0,1,0.5,9.0,84.3,2716,0,0
4518,173,49909,1,0,1,0.3,9.0,84.3,2710,0,0
4542,174,49835,1,0,1,1.0,9.5,84.3,2740,0,0
4567,174,48608,1,0,1,0.2,10.5,84.3,2410,0,0
4591,174,48608,1,0,1,0.3,11.0,84.3,3376,0,0
4616,174,48608,1,0,1,0.5,11.0,84.3,3142,0,0
4640,174,49017,1,0,1,0.3,11.0,84.3,2668,0,0
4665,174,49017,1,0,1,0.3,10.5,84.3,2680,0,0
4689,174,49017,1,0,1,0.3,10.5,84.3,2758,0,0
4714,174,49017,1,0,1,0.3,10.0,84.3,2770,0,0
4738,174,49017,1,0,1,0.5,10.5,84.3,2620,0,0
4763,174,49017,1,0,1,0.7,10.5,84.3,2722,0,0
4788,174,49017,1,0,1,0.0,10.5,84.3,2686,0,0
4813,174,49017,1,0,1,0.7,10.0,84.3,2854,0,0
4837,173,49014,1,0,1,0.5,10.5,84.3,2776,0,0
4862,173,49014,1,0,1,0.3,10.5,84.3,2434,0,0
4887,173,49423,1,0,1,0.3,10.5,84.3,2956,0,0
4916,173,49423,1,0,1,0.5,10.5,84.2,2938,0,0
4940,173,49423,1,0,1,0.3,10.0,84.3,2494,0,0
4965,173,49423,1,0,1,0.0,10.0,84.3,2842,0,0
4989,173,49423,1,0,1,0.5,9.5,84.3,2452,0,0
5014,173,49832,1,0,1,0.3,9.0,84.3,2710,0,0
5039,173,49832,1,0,1,0.5,9.0,84.3,2416,0,0
5064,173,49014,1,0,1,0.2,9.5,84.3,2818,0,0
5088,173,49014,1,0,1,0.5,9.5,84.3,2770,0,0
5113,174,49503,1,0,1,0.0,9.5,84.3,2668,0,0
5137,174,49426,1,0,1,0.3,9.5,84.3,2788,0,0
5162,174,49017,1,0,1,0.5,9.5,84.3,2524,0,0
5186,174,49017,1,0,1,0.5,9.0,84.3,2878,0,0
5211,174,49017,1,0,1,0.0,9.0,84.3,2590,0,0
5235,174,49017,1,0,1,0.6,9.0,84.3,2662,0,0
5261,174,49017,1,0,1,0.5,9.0,84.3,2800,0,0
5286,174,48608,1,0,1,0.7,9.0,84.3,2434,0,0
5310,174,49017,1,0,1,0.5,8.5,84.3,2680,0,0
5335,174,49017,1,0,1,0.0,9.5,84.3,2740,0,0
5359,174,49017,1,0,1,0.5,9.5,84.3,2470,0,0
5384,174,49017,1,0,1,0.2,9.5,84.3,2878,0,0
5409,174,49426,1,0,1,0.7,9.5,84.3,2698,0,0
5433,173,49423,1,0,1,0.0,10.0,84.3,2788,0,0
5458,173,49014,1,0,1,0.5,10.0,84.3,2560,0,0
5482,173,49014,1,0,1,0.5,10.0,84.3,2728,0,0
5507,173,48605,1,0,1,0.3,9.5,84.3,2716,0,0
5531,173,49014,1,0,1,0.3,9.5,84.3,2632,0,0
5556,173,49014,1,0,1,0.5,9.5,84.3,2668,0,0
5580,173,49014,1,0,1,0.5,9.0,84.3,2506,0,0
5605,173,49014,1,0,1,0.3,9.0,84.3,3094,0,0
5635,173,49423,1,0,1,0.0,8.5,84.3,2818,0,0
5660,173,49423,1,0,1,0.5,8.5,84.3,2548,0,0
5684,173,49014,1,0,1,0.3,8.5,84.3,2764,0,0
5709,174,49094,1,0,1,0.3,8.5,84.3,2656,0,0
5733,174,49017,1,0,1,0.0,8.5,84.3,2806,0,0
5758,174,49017,1,0,1,1.0,8.5,84.3,2698,0,0
5782,174,49017,1,0,1,0.3,8.5,84.3,2848,0,0
5807,174,49017,1,0,1,0.0,8.5,84.3,2602,0,0
5831,174,49017,1,0,1,0.5,8.5,84.3,2680,0,0
5859,174,49017,1,0,1,0.4,9.0,84.3,3136,0,0
5886,174,49426,1,0,1,0.5,9.0,84.3,2608,0,0
5911,174,49835,1,0,1,0.3,8.5,84.2,2758,0,0
5936,174,49835,1,0,1,0.3,8.5,84.3,2842,0,0
5960,174,49017,1,0,1,0.0,8.5,84.3,2788,0,0
5988,174,49017,1,0,1,0.7,8.0,84.3,2722,0,0
6012,174,49017,1,0,1,0.3,8.5,84.3,2578,0,0
6037,174,49017,1,0,1,0.3,8.5,84.3,2788,0,0
6061,174,49017,1,0,1,1.2,8.5,84.3,2542,0,0
6086,174,49017,1,0,1,0.3,8.0,84.3,2704,0,0
6111,174,48608,1,0,1,0.0,8.0,84.3,2668,0,0
6135,174,49017,1,0,1,1.0,7.5,84.3,2860,0,0
6160,174,49017,1,0,1,0.5,7.5,84.3,2800,0,0
6184,174,48608,1,0,1,0.5,8.5,84.3,2614,0,0
6209,174,49017,1,0,1,0.3,8.5,84.3,2818,0,0
6234,174,49017,1,0,1,0.3,8.5,84.3,2710,0,0
6258,174,49017,1,0,1,0.3,8.5,84.3,2662,0,0
6283,174,49017,1,0,1,0.5,9.0,84.3,2938,0,0
6309,174,49094,2,0,1,0.3,9.0,84.3,9773,0,0
6333,174,49017,2,0,1,0.2,9.0,84.3,2963,0,0
6358,174,49017,1,0,1,1.5,9.0,84.3,2758,0,0
6384,174,48608,1,0,1,0.0,9.0,84.3,2884,0,0
6409,174,48608,1,0,1,0.3,9.5,84.3,3184,0,0
6433,174,48608,1,0,1,0.5,9.5,84.3,2722,0,0
6457,174,48608,1,0,1,0.2,9.5,84.3,2626,0,0
6483,174,48608,1,0,1,0.3,9.0,84.3,2878,0,0
6508,174,48608,1,0,1,0.0,9.5,84.3,3076,0,0
6532,174,48608,1,0,1,1.0,9.0,84.3,2788,0,0
6557,174,49017,1,0,1,0.3,8.5,84.3,2464,0,0
6582,174,49017,1,0,1,0.2,9.5,84.3,2878,0,0
6606,174,49017,1,0,1,0.5,9.0,84.3,2410,0,0
6631,173,49014,1,0,1,0.2,8.5,84.3,2914,0,0
6656,173,49014,1,0,1,0.5,8.5,84.3,2680,0,0
6680,173,49014,1,0,1,0.0,8.5,84.3,2434,0,0
6705,173,49014,1,0,1,0.2,9.0,84.3,2800,0,0
6729,173,49423,1,0,1,0.3,8.5,84.2,2746,0,0
6754,173,49423,1,0,1,0.2,8.5,84.3,2758,0,0
6779,173,49423,1,0,1,0.8,9.0,84.3,2704,0,0
6803,173,49423,1,0,1,0.0,9.0,84.3,2416,0,0
6828,173,49832,1,0,1,0.2,9.5,84.3,2818,0,0
6853,173,49832,1,0,1,0.3,10.0,84.3,2566,0,0
6878,173,49014,1,0,1,0.5,10.5,84.3,2692,0,0
6903,173,49014,1,0,1,0.8,10.5,84.3,2704,0,0
6927,173,48605,1,0,1,0.2,10.0,84.3,2764,0,0
6951,174,49017,1,0,1,0.3,9.5,84.3,2530,0,0
6976,174,49017,1,0,1,0.2,9.5,84.3,2782,0,0
7001,174,49017,1,0,1,0.3,10.0,84.3,2644,0,0
7025,174,49017,1,0,1,0.0,10.0,84.3,2650,0,0
7050,174,49017,1,0,1,1.0,10.5,84.3,2776,0,0
7074,174,49017,1,0,1,0.2,10.5,84.3,4282,0,0
7119,174,49426,1,0,1,0.5,10.5,84.3,2668,0,0
7144,174,49835,1,0,1,0.2,10.5,84.3,2902,0,0
7170,174,49835,1,0,1,0.2,10.5,84.3,2698,0,0
7195,174,49835,1,0,1,0.3,10.5,84.3,2998,0,0
7223,174,49835,1,0,1,0.3,11.0,84.3,2626,0,0
7248,173,49014,1,0,1,0.7,10.5,84.3,2860,0,0
7273,173,49014,1,0,1,0.3,12.0,84.3,2248,0,0
7297,173,49014,1,0,1,0.5,11.5,84.3,2668,0,0
7322,173,49014,1,0,1,0.5,11.5,84.3,2818,0,0
7346,173,49014,1,0,1,0.0,11.0,84.3,3268,0,0
7370,173,49014,1,0,1,0.5,11.0,84.3,2476,0,0
7395,173,49014,1,0,1,0.2,11.0,84.3,2674,0,0
7420,173,49014,1,0,1,0.0,11.0,84.3,2668,0,0
7445,173,49014,1,0,1,0.5,11.0,84.3,2800,0,0
7469,173,49014,1,0,1,0.3,11.0,84.2,2554,0,0
7494,173,49014,1,0,1,0.5,11.0,84.3,2476,0,0
7518,173,49091,1,0,1,0.2,10.5,84.3,2716,0,0
7543,174,49017,1,0,1,0.7,10.0,84.3,2782,0,0
7567,174,48608,1,0,1,0.0,10.0,84.3,2746,0,0
7592,174,49017,1,0,1,0.5,10.0,84.3,2488,0,0
7616,174,49017,1,0,1,0.7,10.0,84.3,2608,0,0
7641,174,49017,1,0,1,0.3,9.5,84.3,2836,0,0
7665,174,49017,1,0,1,0.2,9.0,84.3,2938,0,0
7693,174,49426,1,0,1,0.3,9.0,84.3,2710,0,0
7717,174,49426,1,0,1,0.2,9.0,84.3,2686,0,0
7742,174,49017,1,0,1,0.0,9.0,84.3,2896,0,0
7766,174,49017,1,0,1,0.7,8.5,84.2,2662,0,0
7791,174,49017,1,0,1,0.5,9.0,84.3,2788,0,0
7816,174,49017,1,0,1,0.0,9.0,84.3,2494,0,0
7840,174,49017,1,0,1,0.2,10.0,84.3,2770,0,0
7865,174,49017,1,0,1,0.3,10.0,84.3,2836,0,0
7890,174,49017,1,0,1,0.3,10.0,84.3,2566,0,0
7914,174,48608,1,0,1,0.5,10.0,84.3,2632,0,0
7939,174,49017,1,0,1,0.7,9.5,84.3,2782,0,0
7964,174,49017,1,0,1,0.5,9.0,84.3,2818,0,0
7988,174,49017,1,0,1,0.5,9.5,84.3,2590,0,0
8013,174,49426,1,0,1,0.5,9.0,84.3,2662,0,0
8037,174,49426,1,0,1,0.5,9.0,84.3,2860,0,0
8062,174,49017,1,0,1,0.5,8.5,84.3,2668,0,0
8087,173,49014,1,0,1,0.0,9.0,84.3,2626,0,0
8111,173,49091,1,0,1,0.0,9.5,84.3,2710,0,0
8136,174,49017,1,0,1,0.0,10.0,84.3,2680,0,0
8161,174,49017,1,0,1,0.5,10.5,84.3,2800,0,0
8185,174,49017,1,0,1,0.2,10.5,84.3,2416,0,0
8210,174,49017,1,0,1,0.5,10.5,84.3,2878,0,0
8235,174,49426,1,0,1,0.7,10.5,84.3,2896,0,0
8259,174,49426,1,0,1,0.2,10.5,84.3,2668,0,0
8284,174,49017,1,0,1,0.3,10.5,84.3,2704,0,0
8309,174,49017,1,0,1,0.5,10.0,84.3,2584,0,0
8334,174,49017,1,0,1,0.0,10.0,84.3,2710,0,0
8358,174,49017,1,0,1,0.3,10.5,84.3,2506,0,0
8383,174,49017,1,0,1,0.0,10.0,84.3,2776,0,0
8407,174,49017,1,0,1,0.1,9.5,84.3,2962,0,0
8435,174,49423,1,0,1,0.3,9.5,84.3,2662,0,0
8460,173,49423,1,0,1,0.5,9.5,84.3,2644,0,0
8485,173,49014,1,0,1,0.2,9.5,84.3,2494,0,0
8509,173,49014,1,0,1,0.7,10.0,84.3,2800,0,0
8534,173,49014,1,0,1,0.5,10.0,84.2,2722,0,0
8558,173,49014,1,0,1,0.2,10.0,84.3,2590,0,0
8583,173,49014,1,0,1,0.5,9.5,84.3,2758,0,0
8607,173,48605,1,0,1,0.3,10.0,84.3,2650,0,0
8632,173,48605,1,0,1,0.3,10.5,84.3,2746,0,0
8656,173,48605,1,0,1,0.3,10.5,84.3,2818,0,0
8681,173,49014,1,0,1,0.5,10.5,84.3,2668,0,0
8705,173,49832,1,0,1,0.0,10.5,84.3,2836,0,0
8730,173,49829,1,0,1,0.2,10.5,84.3,2704,0,0
8755,173,49832,1,0,1,0.3,11.0,84.3,2650,0,0
8780,173,49014,1,0,1,0.0,11.0,84.3,2764,0,0
8804,173,49014,1,0,1,0.5,11.0,84.3,2758,0,0
8829,173,49014,1,0,1,0.2,11.0,84.3,2746,0,0
8853,173,49014,1,0,1,0.2,11.0,84.3,2698,0,0
8878,173,49014,1,0,1,1.0,11.0,84.3,2752,0,0
8902,173,49014,1,0,1,0.5,10.5,84.3,2686,0,0
8927,173,49014,1,0,1,0.5,10.5,84.3,2740,0,0
8952,173,49014,1,0,1,0.5,10.5,84.3,2746,0,0
8976,173,49014,1,0,1,0.5,10.5,84.3,2686,0,0
9000,173,49423,1,0,1,0.0,10.5,84.3,2764,0,0
9025,173,49423,1,0,1,0.3,11.0,84.3,2512,0,0
9049,173,49014,1,0,1,0.5,11.0,84.3,2896,0,0
9074,173,49014,1,0,1,0.5,10.5,84.3,2782,0,0
9101,173,49014,1,0,1,0.5,11.0,84.3,3244,0,0
9126,173,49014,1,0,1,0.0,11.0,84.2,2896,0,0
9152,173,49014,1,0,1,0.3,11.0,84.3,2824,0,0
9176,173,49014,1,0,1,0.3,11.0,84.3,2650,0,0
9201,173,49014,1,0,1,0.3,10.5,84.2,2818,0,0
9225,173,49014,1,0,1,0.4,11.0,84.3,2584,0,0
9250,173,49014,1,0,1,0.0,11.0,84.3,2686,0,0
9274,173,49423,1,0,1,0.5,10.5,84.3,2758,0,0
9299,173,49423,1,0,1,0.7,10.5,84.3,3022,0,0
9323,174,48608,1,0,1,0.4,10.0,84.3,2950,0,0
9348,174,49017,1,0,1,0.5,10.0,84.3,2644,0,0
9373,174,49426,1,0,1,0.3,9.5,84.3,2650,0,0
9397,174,49426,1,0,1,0.5,10.5,84.3,2704,0,0
9422,174,48608,1,0,1,0.0,11.5,84.3,2758,0,0
9446,174,48608,1,0,1,0.2,12.0,84.2,2572,0,0
9471,174,48608,1,0,1,0.5,12.0,84.2,2758,0,0
9496,174,48608,1,0,1,0.4,12.5,84.2,2998,0,0
9521,174,49017,1,0,1,0.3,12.5,84.3,2410,0,0
9546,174,49017,1,0,1,0.3,12.0,84.2,2896,0,0
9570,174,49017,1,0,1,1.0,12.5,84.3,2800,0,0
9595,174,49017,1,0,1,0.9,12.5,84.2,2650,0,0
9619,174,49426,1,0,1,0.3,12.0,84.3,2602,0,0
9644,173,49423,1,0,1,0.5,12.5,84.3,2632,0,0
9668,173,48605,1,0,1,0.7,12.0,84.2,2758,0,0
9693,173,48605,1,0,1,0.3,12.0,84.2,2800,0,0
9717,173,49014,1,0,1,0.5,12.0,84.3,2416,0,0
9742,173,49014,1,0,1,0.5,12.0,84.2,2818,0,0
9766,173,49014,1,0,1,0.0,12.5,84.2,2698,0,0
9792,173,49014,1,0,1,0.3,12.5,84.2,2788,0,0
9817,173,49014,1,0,1,0.2,12.5,84.2,2716,0,0
9841,173,49014,1,0,1,0.5,12.5,84.3,2626,0,0
9866,173,49014,1,0,1,0.3,12.5,84.3,2686,0,0
9890,173,49014,1,0,1,0.0,12.0,84.3,2698,0,0
9916,173,49091,1,0,1,0.5,12.0,84.3,9909,0,0
9941,173,48605,1,0,1,0.3,12.0,84.2,2518,0,0
9969,173,49014,1,0,1,0.7,11.5,84.3,2758,0,0
9993,173,49423,1,0,1,0.5,11.5,84.3,2434,0,0
10018,173,49423,1,0,1,0.5,11.5,84.2,2488,0,0
10042,173,49014,1,0,1,0.5,11.5,84.2,2860,0,0
10067,173,49014,1,0,1,0.3,11.0,84.2,2716,0,0
10092,173,49423,1,0,1,0.3,11.0,84.3,2746,0,0
10118,173,49423,1,0,1,0.0,12.0,84.2,2698,0,0
10148,173,49423,1,0,1,0.0,12.5,84.3,3136,0,0
10173,174,49017,1,0,1,0.2,12.5,84.3,2698,0,0
10197,174,49017,1,0,1,1.2,12.5,84.3,2710,0,0
10222,174,48608,1,0,1,0.5,12.5,84.3,2662,0,0
10246,174,49017,1,0,1,0.3,12.5,84.3,2494,0,0
10271,174,49017,1,0,1,0.5,12.5,84.3,2746,0,0
10295,174,49017,1,0,1,0.0,12.5,84.2,2524,0,0
10320,174,48608,1,0,1,0.2,12.0,84.2,2686,0,0
10344,174,49017,1,0,1,0.0,11.5,84.2,2758,0,0
10369,174,49017,1,0,1,0.2,11.5,84.3,2668,0,0
10393,174,49017,1,0,1,0.2,11.0,84.3,2746,0,0
10418,174,49017,1,0,1,0.3,11.0,84.2,2506,0,0
10443,174,49017,1,0,1,0.5,11.0,84.2,2776,0,0
10468,173,49014,1,0,1,0.3,11.0,84.2,2710,0,0
10492,173,49014,1,0,1,0.3,11.0,84.2,2800,0,0
10517,173,49091,1,0,1,0.2,11.0,84.2,2722,0,0
10541,174,49017,1,0,1,0.3,11.0,84.3,2668,0,0
10565,174,49017,1,0,1,0.1,11.0,84.3,2896,0,0
10591,174,49017,1,0,1,0.2,11.5,84.3,2800,0,0
10616,174,49017,1,0,1,0.3,11.5,84.3,2650,0,0
10640,174,49017,1,0,1,0.3,11.0,84.3,2740,0,0
10665,174,49017,1,0,1,0.3,11.5,84.2,2608,0,0
10689,174,49017,1,0,1,0.2,11.5,84.2,2818,0,0
10714,174,49017,1,0,1,0.5,11.0,84.2,2584,0,0
10739,174,49017,1,0,1,0.0,11.0,84.3,2416,0,0
10763,174,49017,1,0,1,0.4,11.0,84.3,2956,0,0
10790,174,49017,1,0,1,0.2,11.0,84.2,2938,0,0
10817,174,49017,1,0,1,0.3,11.0,84.3,2818,0,0
10841,173,49014,1,0,1,0.0,11.0,84.2,2356,0,0
10866,173,49014,1,0,1,0.2,11.0,84.2,2740,0,0
10890,173,49014,1,0,1,0.8,11.0,84.3,2668,0,0
10915,173,49014,1,0,1,0.0,11.0,84.3,2758,0,0
10940,173,48605,1,0,1,0.3,10.5,84.2,2860,0,0
10965,174,48608,1,0,1,0.0,10.5,84.2,2704,0,0
10992,174,49017,1,0,1,0.6,10.5,84.3,2626,0,0
11017,174,49017,1,0,1,0.5,10.5,84.3,2896,0,0
11041,174,49017,1,0,1,0.5,10.5,84.2,2608,0,0
11066,174,49017,1,0,1,0.2,10.5,84.3,2902,0,0
11090,174,49017,1,0,1,0.5,10.5,84.3,2524,0,0
11114,174,48682,0,0,1,0.5,10.5,84.2,1998,0,0
11139,175,48608,0,0,1,0.5,10.0,84.2,2208,0,0
11163,175,48608,0,0,1,0.3,10.5,84.3,1992,0,0
11188,175,48608,0,0,1,0.3,10.5,84.3,2058,0,0
11212,175,49017,0,0,1,1.0,11.0,84.2,2148,0,0
11236,175,49017,0,0,1,0.3,11.0,84.3,2058,0,0
11261,175,48608,0,0,1,0.7,10.5,84.2,1776,0,0
11285,175,49017,0,0,1,0.3,10.0,84.2,2088,0,0
11310,175,49017,0,0,1,0.3,10.0,84.3,1998,0,0
11334,175,49426,0,0,1,0.3,9.5,84.3,1776,0,0
11359,176,49429,0,0,1,0.3,9.5,84.3,2148,0,0
11383,176,49020,0,0,1,0.6,9.5,84.3,1824,0,0
11408,176,49020,0,0,1,0.2,9.5,84.3,2088,0,0
11433,176,49020,0,0,1,0.2,9.5,84.3,2148,0,0
11460,175,49017,0,0,1,0.8,9.5,84.3,1686,0,0
11485,175,49017,0,0,1,0.3,9.0,84.2,2088,0,0
11509,175,49017,0,0,1,0.3,9.0,84.3,1992,0,0
11533,174,49014,0,0,1,0.3,9.0,84.3,2424,0,0
11562,175,49426,0,0,1,0.3,9.0,84.3,1842,0,0
11587,175,49426,0,0,1,0.0,9.0,84.3,1992,0,0
11611,175,49835,0,0,1,0.5,9.0,84.3,1938,0,0
11636,175,49835,0,0,1,0.3,9.0,84.3,2148,0,0
11661,174,49014,0,0,1,0.5,9.0,84.2,2148,0,0
11685,173,49011,0,0,1,0.3,8.5,84.2,1998,0,0
11710,174,49500,0,0,1,0.3,8.5,84.2,1992,0,0
11735,174,49423,0,0,1,0.3,8.5,84.2,2088,0,0
11759,174,49423,0,0,1,0.3,8.5,84.2,1998,0,0
11784,174,49014,0,0,1,0.3,9.0,84.2,2208,0,0
11808,174,49014,0,0,1,0.0,9.0,84.3,1698,0,0
11833,174,49014,0,0,1,0.5,9.0,84.3,1938,0,0
11857,175,49017,0,0,1,0.2,10.0,84.2,2208,0,0
11882,175,49017,0,0,1,0.5,10.0,84.3,1998,0,0
11907,175,49017,0,0,1,0.3,10.5,84.2,2148,0,0
11932,175,48608,0,0,1,0.5,10.5,84.2,1698,0,0
11956,175,48608,0,0,1,0.4,10.5,84.2,2424,0,0
11985,175,49017,0,0,1,0.5,10.0,84.2,1998,0,0
12009,175,49017,0,0,1,0.3,10.0,84.2,2148,0,0
12033,175,49017,0,0,1,0.0,9.5,84.2,2052,0,0
12058,175,49017,0,0,1,0.8,9.5,84.2,1722,0,0
12082,175,49017,0,0,1,0.5,10.0,84.2,2148,0,0
12107,175,49017,0,0,1,0.2,9.5,84.2,1782,0,0
12131,175,49017,0,0,1,0.8,9.5,84.2,1932,0,0
12156,172,49008,0,0,1,0.3,9.0,84.2,2148,0,0
12180,173,49011,0,0,1,0.5,9.0,84.2,1842,0,0
12205,173,49011,0,0,1,0.5,9.0,84.2,2208,0,0
12229,173,49011,0,0,1,0.5,9.5,84.2,1992,0,0
12254,173,49011,0,0,1,0.7,9.5,84.2,1998,0,0
12278,173,48602,0,0,1,0.2,9.5,84.2,1992,0,0
12303,173,49011,0,0,1,0.0,9.0,84.2,1902,0,0
12327,173,49011,0,0,1,0.5,9.0,84.2,2052,0,0
12352,174,49014,0,0,1,0.0,10.0,84.2,2028,0,0
12377,174,49014,0,0,1,0.5,10.0,84.2,2118,0,0
12402,174,49014,0,0,1,0.2,9.5,84.2,2208,0,0
12427,174,49014,0,0,1,0.3,9.0,84.2,2358,0,0
12451,174,49014,0,0,1,0.0,9.0,84.2,2058,0,0
12476,174,49014,0,0,1,0.3,9.0,84.2,1872,0,0
12500,174,49014,0,0,1,0.5,8.5,84.2,2088,0,0
12526,174,49014,0,0,1,0.3,9.0,84.2,2118,0,0
12552,174,49014,0,0,1,0.5,9.5,84.2,1878,0,0
12576,174,49014,0,0,1,0.0,9.0,84.2,2208,0,0
12600,174,49014,0,0,1,0.2,9.0,84.2,1692,0,0
12625,174,49014,0,0,1,0.5,10.0,84.1,2070,0,0
12649,173,48602,0,0,1,0.7,11.0,84.2,2058,0,0
12674,173,49011,0,0,1,0.5,11.0,84.2,1998,0,0
12698,173,49011,0,0,1,0.3,11.5,84.2,2052,0,0
12724,173,49011,0,0,1,0.5,11.5,84.2,2094,0,0
12748,173,49011,0,0,1,0.0,11.5,84.2,1992,0,0
12773,173,49011,0,0,1,0.2,12.5,84.2,2088,0,0
12797,173,49011,0,0,1,0.7,12.0,84.2,2058,0,0
12822,173,49011,0,0,1,0.5,12.5,84.2,2148,0,0
12846,173,49420,0,0,1,0.2,13.0,84.2,1842,0,0
12871,173,49420,0,0,1,0.5,12.5,84.2,1998,0,0
12896,173,48602,0,0,1,0.5,12.5,84.2,1998,0,0
12920,174,49091,0,0,1,0.5,12.5,84.2,2130,0,0
12944,174,49014,0,0,1,0.8,12.5,84.2,1842,0,0
12969,174,49014,0,0,1,0.7,12.5,84.2,2028,0,0
12993,174,48605,0,0,1,0.5,13.0,84.2,2040,0,0
13018,174,49832,0,0,1,0.5,13.0,84.2,1836,0,0
13043,174,49832,0,0,1,0.0,12.5,84.2,2268,0,0
13067,174,49014,0,0,1,0.2,12.0,84.2,1860,0,0
13092,174,49423,0,0,1,0.3,13.0,84.2,2148,0,0
13117,174,49423,0,0,1,0.0,13.0,84.2,1914,0,0
13141,175,49017,0,0,1,0.3,12.5,84.2,1782,0,0
13166,175,49017,0,0,1,0.5,13.0,84.2,2088,0,0
13190,175,49017,0,0,1,0.2,13.5,84.2,2148,0,0
13215,175,49017,0,0,1,0.0,13.5,84.2,1902,0,0
13239,175,49835,0,0,1,0.7,13.5,84.2,1992,0,0
13265,175,49835,0,0,1,0.4,14.000000000000002,84.2,2424,0,0
13289,175,49017,0,0,1,0.0,13.5,84.2,1842,0,0
13314,175,49017,0,0,1,0.3,14.000000000000002,84.2,2028,0,0
13338,175,49017,0,0,1,0.3,14.000000000000002,84.2,1938,0,0
13362,175,48608,0,0,1,0.0,15.0,84.2,1992,0,0
13387,175,49017,0,0,1,0.2,14.499999999999998,84.2,2028,0,0
13412,175,49017,0,0,1,1.0,14.499999999999998,84.2,1998,0,0
13436,175,49017,0,0,1,0.7,14.499999999999998,84.2,1932,0,0
13461,174,49014,0,0,1,0.5,14.000000000000002,84.2,1992,0,0
13485,173,49011,0,0,1,0.3,14.000000000000002,84.2,1998,0,0
13509,173,49088,0,0,1,0.3,15.0,84.2,2088,0,0
13535,174,49014,1,0,1,0.3,14.499999999999998,84.2,9438,0,0
13560,174,49014,1,0,1,0.0,14.499999999999998,84.2,2197,0,0
13584,174,49014,0,0,1,0.5,15.0,84.2,2208,0,0
13609,174,49014,0,0,1,0.0,15.0,84.1,1998,0,0
13633,174,49014,0,0,1,0.0,15.5,84.2,2088,0,0
13658,174,49014,0,0,1,0.5,15.5,84.2,1992,0,0
13682,174,49014,0,0,1,0.0,15.0,84.2,1842,0,0
13707,174,49014,0,0,1,0.4,14.499999999999998,84.2,2148,0,0
13732,174,49014,0,0,1,0.0,14.000000000000002,84.2,2208,0,0
13756,174,49014,0,0,1,0.3,14.000000000000002,84.2,1686,0,0
13781,174,49014,0,0,1,0.3,14.000000000000002,84.2,2148,0,0
13805,174,49423,0,0,1,0.0,14.000000000000002,84.2,1902,0,0
13830,174,49423,0,0,1,0.0,14.000000000000002,84.2,2208,0,0
13854,173,49011,0,0,1,0.0,14.000000000000002,84.2,1902,0,0
13879,173,49420,0,0,1,0.2,13.5,84.2,2364,0,0
13907,173,49420,0,0,1,0.5,13.0,84.2,1998,0,0
13931,173,49420,0,0,1,0.5,12.5,84.2,2148,0,0
13956,173,48602,0,0,1,0.5,12.5,84.2,2058,0,0
13980,173,49011,0,0,1,0.0,12.5,84.2,1812,0,0
14005,173,49011,0,0,1,0.0,13.0,84.2,2070,0,0
14029,173,49011,0,0,1,0.3,12.5,84.2,1998,0,0
14054,173,48602,0,0,1,0.5,12.5,84.2,2148,0,0
14078,173,49011,0,0,1,0.3,12.5,84.2,2052,0,0
14103,173,49011,0,0,1,0.3,12.0,84.2,1662,0,0
14127,173,49011,0,0,1,0.5,11.5,84.2,2208,0,0
14151,174,49014,0,0,1,0.5,11.0,84.2,1992,0,0
14176,174,49014,0,0,1,0.5,11.5,84.2,1878,0,0
14200,174,49014,0,0,1,0.7,11.5,84.2,2148,0,0
14225,174,49014,0,0,1,0.0,12.0,84.2,1902,0,0
14249,174,49014,0,0,1,0.5,12.0,84.2,2052,0,0
14274,174,49014,0,0,1,0.2,11.5,84.2,2148,0,0
14298,174,49014,0,0,1,0.5,11.5,84.2,1938,0,0
14323,174,49014,0,0,1,0.5,11.0,84.2,2148,0,0
14347,174,49014,0,0,1,0.3,12.0,84.2,1896,0,0
14372,174,49832,0,0,1,0.7,12.5,84.2,2058,0,0
14396,174,49832,0,0,1,0.3,13.5,84.2,2088,0,0
14423,174,49832,0,0,1,0.7,13.0,84.2,2148,0,0
14447,173,49829,0,0,1,0.3,13.0,84.2,1938,0,0
14472,173,49011,0,0,1,0.0,12.5,84.2,2208,0,0
14498,174,49014,0,0,1,0.5,12.0,84.2,2088,0,0
14523,174,49014,0,0,1,0.3,12.0,84.2,1902,0,0
14547,174,49014,0,0,1,0.7,12.5,84.2,2088,0,0
14572,174,49014,0,0,1,0.5,13.0,84.2,1842,0,0
14596,174,49014,0,0,1,0.3,13.5,84.2,2088,0,0
14621,174,49014,0,0,1,0.3,13.0,84.2,2148,0,0
14645,174,49011,0,0,1,0.3,14.000000000000002,84.3,1902,0,0
14670,174,49014,0,0,1,0.5,14.000000000000002,84.2,2052,0,0
14694,174,49014,0,0,1,0.5,13.5,84.2,2088,0,0
14718,174,49091,0,0,1,0.5,14.000000000000002,84.2,2058,0,0
14743,174,49014,0,0,1,0.3,13.5,84.2,1992,0,0
14767,174,49014,0,0,1,0.3,13.0,84.2,2148,0,0
14792,174,49423,0,0,1,0.5,13.5,84.2,1998,0,0
14816,173,49829,0,0,1,0.5,13.0,84.2,2148,0,0
14841,173,49829,0,0,1,0.3,13.0,84.2,1686,0,0
14873,173,49011,0,0,1,0.3,12.5,84.2,3498,0,0
14905,173,49011,0,0,1,0.0,12.5,84.2,1932,0,0
14929,173,49011,0,0,1,0.5,12.5,84.2,1998,0,0
14954,174,49014,0,0,1,0.5,12.0,84.2,1818,0,0
14978,174,49014,0,0,1,0.7,11.5,84.2,2148,0,0
15004,174,49014,0,0,1,0.3,11.5,84.2,2058,0,0
15028,174,49014,0,0,1,0.7,11.0,84.2,1776,0,0
15052,174,49014,0,0,1,0.3,11.0,84.2,1938,0,0
15077,174,49014,0,0,1,0.5,11.5,84.2,1998,0,0
15101,174,49014,0,0,1,0.2,12.0,84.2,2208,0,0
15126,174,49014,0,0,1,0.0,12.0,84.2,1902,0,0
15151,174,49014,0,0,1,0.3,12.0,84.2,2088,0,0
15175,174,48605,0,0,1,0.0,12.5,84.2,2208,0,0
15200,174,49014,0,0,1,0.3,12.0,84.2,1632,0,0
15224,174,49014,0,0,1,0.3,11.5,84.2,2088,0,0
15249,174,49014,0,0,1,0.8,12.0,84.2,2148,0,0
15273,173,49011,0,0,1,0.2,11.5,84.2,1938,0,0
15297,173,49011,0,0,1,1.3,11.5,84.2,1992,0,0
15322,173,49088,0,0,1,0.7,11.5,84.2,1782,0,0
15347,173,49011,0,0,1,0.0,11.5,84.2,2208,0,0
15371,173,49011,0,0,1,0.7,11.5,84.2,2088,0,0
15396,173,49011,0,0,1,0.0,12.5,84.2,1902,0,0
15420,173,49011,0,0,1,1.0,12.0,84.2,2088,0,0
15444,173,49011,0,0,1,0.7,12.0,84.2,2130,0,0
15469,174,49014,0,0,1,0.1,11.5,84.2,1998,0,0
15495,174,49014,0,0,1,0.2,11.5,84.2,1932,0,0
15520,174,48605,0,0,1,0.0,11.5,84.2,2148,0,0
15544,174,49014,0,0,1,0.5,11.0,84.2,1902,0,0
15570,174,49014,0,0,1,0.4,11.0,84.2,1992,0,0
15595,174,49014,0,0,1,0.5,11.0,84.2,2148,0,0
15619,174,49014,0,0,1,0.5,10.5,84.2,1842,0,0
15644,174,49014,0,0,1,1.0,10.5,84.2,1992,0,0
15668,174,49014,0,0,1,0.5,10.0,84.2,1998,0,0
15692,174,49014,0,0,1,0.3,10.5,84.2,1932,0,0
15717,174,48605,0,0,1,0.2,10.5,84.2,2148,0,0
15741,174,49014,0,0,1,0.3,11.5,84.2,1746,0,0
15766,173,49011,0,0,1,0.5,12.0,84.2,2070,0,0
15791,173,49011,0,0,1,0.5,12.0,84.2,2148,0,0
15815,173,48602,0,0,1,0.2,12.0,84.2,1998,0,0
15839,173,49011,0,0,1,0.5,11.5,84.2,2052,0,0
15864,173,49011,0,0,1,0.0,11.0,84.2,1782,0,0
15891,172,48599,0,0,1,0.3,11.0,84.2,2424,0,0
15916,173,49088,0,0,1,0.0,11.5,84.2,1992,0,0
15940,173,49011,0,0,1,0.5,11.5,84.2,2208,0,0
15965,173,49011,0,0,1,0.3,12.0,84.2,2502,0,0
15996,173,49011,0,0,1,0.3,12.0,84.2,1782,0,0
16020,174,49014,0,0,1,0.3,12.5,84.2,1992,0,0
16045,174,49014,0,0,1,0.5,13.0,84.2,2088,0,0
16069,174,49014,0,0,1,0.5,13.0,84.2,2058,0,0
16094,174,49014,0,0,1,0.0,13.5,84.2,2148,0,0
16118,174,49423,1,0,1,0.5,13.0,84.3,1346464,0,0
16143,174,49423,1,0,1,0.5,13.5,84.2,2453,0,0
16167,174,49014,1,0,1,0.3,13.5,84.2,2558,0,0
16192,174,49014,0,0,1,0.3,13.5,84.2,1998,0,0
16216,174,49014,0,0,1,0.2,13.0,84.3,1932,0,0
16241,174,49014,0,0,1,0.3,13.0,84.2,2028,0,0
16265,174,49014,0,0,1,0.3,13.0,84.2,1938,0,0
16290,174,49014,0,0,1,0.2,12.5,84.3,2148,0,0
16314,174,49014,0,0,1,0.0,12.5,84.2,1998,0,0
16339,173,49011,0,0,1,0.5,12.0,84.2,1872,0,0
16363,173,49011,0,0,1,0.7,11.5,84.2,2088,0,0
16388,173,49011,0,0,1,0.0,11.5,84.2,1920,0,0
16412,175,49017,0,0,1,0.5,11.0,84.2,1992,0,0
16436,175,49017,0,0,1,0.7,11.0,84.2,1992,0,0
16461,175,49017,0,0,1,0.5,11.5,84.2,1938,0,0
16485,175,49017,0,0,1,0.3,11.0,84.2,2052,0,0
16510,175,49094,0,0,1,0.2,11.0,84.3,2148,0,0
16534,175,49017,0,0,1,0.2,12.0,84.2,1938,0,0
16559,175,49017,0,0,1,0.3,12.0,84.3,2130,0,0
16583,175,49017,0,0,1,0.0,12.5,84.2,1842,0,0
16608,175,49017,0,0,1,0.3,12.5,84.3,2148,0,0
16632,175,49017,0,0,1,0.0,13.0,84.3,2088,0,0
16657,175,49017,0,0,1,0.5,13.0,84.2,1998,0,0
16681,175,49017,0,0,1,0.0,13.0,84.2,2148,0,0
16706,175,49426,0,0,1,0.3,12.5,84.3,1992,0,0
16730,173,49420,0,0,1,0.0,12.5,84.3,1998,0,0
16755,174,48605,0,0,1,0.3,13.0,84.2,2208,0,0
16781,174,48605,0,0,1,0.5,13.0,84.2,2070,0,0
16806,174,49014,0,0,1,0.7,13.0,84.2,2058,0,0
16830,174,49014,0,0,1,0.3,13.5,84.2,2088,0,0
16854,174,49014,0,0,1,0.3,13.0,84.3,1902,0,0
16879,174,49014,0,0,1,0.5,12.5,84.3,2388,0,0
16904,174,49832,0,0,1,0.3,13.0,84.3,3162,0,0
16941,174,49832,0,0,1,0.3,12.5,84.3,1998,0,0
16966,174,49832,0,0,1,0.2,12.5,84.3,2088,0,0
16992,174,49014,0,0,1,0.3,12.5,84.2,2148,0,0
17016,174,49014,0,0,1,0.3,12.5,84.2,1902,0,0
17041,174,49014,0,0,1,0.0,12.5,84.2,2148,0,0
17065,173,49011,0,0,1,0.2,12.5,84.2,1938,0,0
17091,173,49829,0,0,1,0.5,12.5,84.3,2208,0,0
17115,173,49906,0,0,1,0.0,12.0,84.3,2148,0,0
